university_id,degree_name,merit_formula,eligibility_pct,url
1,BBA,Available upon contact,45,https://www.abasyn.edu.pk/
1,BS Biotechnology,Available upon contact,45,https://www.abasyn.edu.pk/
1,BS Computer Science,Available upon contact,45,https://www.abasyn.edu.pk/
1,BS Economics,Available upon contact,45,https://www.abasyn.edu.pk/
2,BS Biochemistry,Available upon contact,,https://www.ilmkidunya.com/colleges/abbottabad-university-of-science-and-technology-aust-abbottabad-merit-lists.aspx
2,BS Biotechnology,Available upon contact,,https://www.eduvision.edu.pk/admissions/abbottabad-university-of-science-and-technology-abbottabad-admissions-bachelor-level-1440821050
2,BS Commerce,Available upon contact,,https://www.eduvision.edu.pk/admissions/abbottabad-university-of-science-and-technology-abbottabad-admissions-bachelor-level-1440821050
2,BS Physiotherapy,Available upon contact,,https://www.eduvision.edu.pk/admissions/abbottabad-university-of-science-and-technology-abbottabad-admissions-bachelor-level-1440821050
2,BS Political Science,Available upon contact,,https://www.eduvision.edu.pk/admissions/abbottabad-university-of-science-and-technology-abbottabad-admissions-bachelor-level-1440821050
3,BBA (Honours),"~46-58% (informal reports from past cycles, unverified)",,https://www.result.pk/merit-list/abdul-wali-khan-university-mardan/bba/mardan-latest/
3,BS Artificial Intelligence,Available upon contact,,https://www.result.pk/merit-list/abdul-wali-khan-university-mardan/bs-artificial-intelligence/mardan-latest/
3,BS Computer Science,Available upon contact,,https://awkumpk.blogspot.com/2016/09/merit-list-of-bs-undergraduate.html
3,BS Microbiology / Biotechnology,Available upon contact,,https://awkumpk.blogspot.com/2016/09/merit-list-of-bs-undergraduate.html
3,Pharm-D,Available upon contact,,https://awkumpk.blogspot.com/2016/09/merit-list-of-bs-undergraduate.html
4,BScM (Bachelor of Science in Midwifery),Available upon contact,60,https://www.aku.edu/admissions/Documents/admission-information-BScM-ke.pdf
4,BScN (Post-RN Bachelor of Science in Nursing),Available upon contact,60,https://www.aku.edu/admissions/Documents/programme-information-sonam-tz.pdf
4,MBBS,Available upon contact (holistic: AKU Admission Test + academics + leadership potential),70,https://blog.maqsad.io/blog/how-to-get-admission-in-aku
5,BS Computer Science,"~65% (2025 estimate, Islamabad campus)",50,https://www.au.edu.pk/pages/admission/eligibility_criteria.aspx
5,BS Electrical Engineering,"~63% (2025 estimate, Islamabad campus)",60,https://freetoolforge.org/air-merit-calculator
5,BS Financial Technologies (BSFinT),Available upon contact,50,https://www.au.edu.pk/pages/admission/eligibility_criteria.aspx
5,BS Psychology,Available upon contact,50,https://www.au.edu.pk/pages/admission/eligibility_criteria.aspx
6,BS Computer Science,Available upon contact,60,https://pmdc.org.pk/al-hamd-islamic-university-aiu-admission-guide/
6,BS Islamic Studies,Available upon contact,60,https://pmdc.org.pk/al-hamd-islamic-university-aiu-admission-guide/
6,BS Management Sciences,Available upon contact,60,https://pmdc.org.pk/al-hamd-islamic-university-aiu-admission-guide/
6,DPT,Available upon contact,60,https://pmdc.org.pk/al-hamd-islamic-university-aiu-admission-guide/
6,Pharm-D,Available upon contact,60,https://pmdc.org.pk/al-hamd-islamic-university-aiu-admission-guide/
7,BBA,Available upon contact,,https://www.jobz.pk/al-karam-international-university-admission-in-bcs-mcs-and_admissions-21611.html
7,BS Arabic / Quranic Studies / Islamic Jurisprudence,Available upon contact,,https://www.result.pk/colleges/al-karam-international-institute.html
7,BS Management Sciences / Economics / IT and Computer Science / Languages,Available upon contact,,https://www.result.pk/colleges/al-karam-international-institute.html
8,BS (Hons) Management (in affiliation with GCU Lahore),Available upon contact,50,https://alqadir.edu.pk/criteria-bs-management/
8,BS Islamic Studies,Available upon contact,50,https://alqadir.edu.pk/criteria-bs-management/
9,BS Education / Special Education,Available upon contact,,https://www.ilmkidunya.com/colleges/ali-institute-of-education-lahore-admission.aspx
9,BS Science Education / English Language Teaching,Available upon contact,,https://www.studysolutions.pk/ali-institute-of-education-lhr-admission/
10,"BS (various, e.g. Education, Economics, Urdu, Mass Communication)","Not applicable - open admission (non-competitive, distance learning)",45,https://moawin.pk/admission_details/1396
10,BS Islamic Studies,Not applicable - open admission,,https://www.aiou.edu.pk/sites/default/files/2025-07/Fee%20&%20Eligibility%20Autumn%202025.pdf
10,BS Mass Communication,Not applicable - open admission,,https://www.aiou.edu.pk/sites/default/files/2025-07/Fee%20&%20Eligibility%20Autumn%202025.pdf
10,BSc (Hons) Agriculture,Not applicable - open admission,,https://www.eduvision.edu.pk/admissions/allama-iqbal-open-university-islamabad-admissions-bachelor-level-5
11,BS Archaeology / History / Environmental Sciences,Available upon contact,,https://aror.edu.pk/admissions/
11,BS Architecture / Civil Engineering,Available upon contact,,https://aror.edu.pk/admissions/
11,BS Artificial Intelligence / Multimedia and Gaming,Available upon contact,,https://aror.edu.pk/
11,BS Fashion Design / Textile Design / Ceramic Design / Visual Arts / Digital Art,Available upon contact,,https://aror.edu.pk/eligibility-criteria/
12,BBA (Business Administration),Available upon contact,,https://hep.punjab.gov.pk/Publicprograms/institute_detail/?institute_id=865&subject_id=2791
12,BS Computer Science,"50.00% (Fall 2024 official merit list, last selected candidate)",,https://admissions.bgnu.edu.pk/download/1784610801_9607_merit.pdf
12,BS Information Technology / Psychology,Available upon contact,,https://hep.punjab.gov.pk/Publicprograms/institute_detail/?institute_id=865&subject_id=2791
12,BS Mathematics,Available upon contact,,https://hep.punjab.gov.pk/Publicprograms/institute_detail/?institute_id=865&subject_id=2791
12,BS Zoology / Botany / Chemistry / Physics,Available upon contact,,https://hep.punjab.gov.pk/Publicprograms/institute_detail/?institute_id=865&subject_id=2791
13,BS Biotechnology,Available upon contact,45,https://www.ilmkidunya.com/colleges/bacha-khan-university-charsadda-admission.aspx
13,BS Chemistry,Available upon contact,45,https://www.ilmkidunya.com/colleges/bacha-khan-university-charsadda-admission.aspx
13,BS Computer Science,Available upon contact,45,https://www.ilmkidunya.com/colleges/bacha-khan-university-charsadda-admission.aspx
13,BS Economics,Available upon contact,45,https://www.ilmkidunya.com/colleges/bacha-khan-university-charsadda-admission.aspx
13,Pharm-D,Available upon contact,45,https://www.ilmkidunya.com/admissions/Admission-Open-in-Bacha-Khan-University-Charsadda-21791.aspx
14,BBA (Hons),Available upon contact,45,https://www.result.pk/colleges/bahauddin-zakariya-university-bzu-multan-merit-list.html
14,"BS (general, most departments)","~78.7% (2026 cycle example, general BS programs)",45,https://iubfun.com/bzu-merit-list/
14,BS Computer Science,Available upon contact,45,https://www.result.pk/merit-list/bahauddin-zakariya-university-bzu-multan/multan-latest/
14,BS Engineering (Pre-Engineering based),Available upon contact,60,https://www.pakistantruth.com/bzu-multan-undergraduate/
14,LLB,Available upon contact,45,https://www.result.pk/colleges/bahauddin-zakariya-university-bzu-multan-merit-list.html
14,Pharm-D,Available upon contact,60,https://www.result.pk/colleges/bahauddin-zakariya-university-bzu-multan-merit-list.html
15,BDS,Available upon contact,60,https://www.edumap.blog/2025/09/bahria-university-aggregate-calculator-for-medical-programs.html
15,BS Computer Science,Available upon contact,50,https://blog.maqsad.io/blog/bahria-university-admission-guide
15,BS Public Health,Available upon contact,50,https://www.bahria.edu.pk/page/PageTemplate4?pageContentId=3342&websiteId=5
15,LLB (5 Years),Available upon contact,50,https://blog.maqsad.io/blog/bahria-university-admission-guide
15,MBBS,Available upon contact,60,https://www.edumap.blog/2025/09/bahria-university-aggregate-calculator-for-medical-programs.html
16,B.Ed,Available upon contact,,https://admissionscorner.com/buetk-khuzdar-admissions/
16,BSc Civil Engineering,Available upon contact,,https://www.pakadmissions.com/balochistan-university-of-engineering-technology-khuzdar-buetk-spring-admissions-2026
16,BSc Electrical Engineering,Available upon contact,,https://www.pakadmissions.com/balochistan-university-of-engineering-technology-khuzdar-buetk-spring-admissions-2026
17,BBA,Available upon contact,50,https://pmdc.org.pk/balochistan-university-of-information-technology-engineering-and-management-sciences-buitems-admission-guide/
17,BS Biotechnology,Available upon contact,50,https://pmdc.org.pk/balochistan-university-of-information-technology-engineering-and-management-sciences-buitems-admission-guide/
17,BS Civil Engineering,Available upon contact,50,https://pmdc.org.pk/balochistan-university-of-information-technology-engineering-and-management-sciences-buitems-admission-guide/
17,BS Computer Science,Available upon contact,50,https://pmdc.org.pk/balochistan-university-of-information-technology-engineering-and-management-sciences-buitems-admission-guide/
17,BS Electrical Engineering,Available upon contact,50,https://pmdc.org.pk/balochistan-university-of-information-technology-engineering-and-management-sciences-buitems-admission-guide/
18,BS Computer Science,Available upon contact,45,https://uobs.edu.pk/admissions/
18,BS Environmental Science,Available upon contact,45,https://uobs.edu.pk/admissions/
19,BDS,Available upon contact,,http://www.baqai.edu.pk/
19,MBBS,Available upon contact,,http://www.baqai.edu.pk/
20,B.Des (Visual Communication Design / Textile and Fibre Studies / Fashion Design / Jewelry and Accessory),Available upon contact,50,https://www.ilmkidunya.com/colleges/beaconhouse-national-university-bnu-lahore-admission.aspx
20,B.Sc (Hons) Economics / Applied Psychology,Available upon contact,50,https://www.ilmkidunya.com/colleges/beaconhouse-national-university-bnu-lahore-admission.aspx
20,BA (Hons) Social Sciences (Media Studies/Liberal Studies) / BS Journalism and Media Studies,Available upon contact,50,https://www.pakadmissions.com/beaconhouse-national-university-bnu-fall-admission-2026
20,BBA (Hons) / BS Business Intelligence and Analytics / BS Hospitality Management,Available upon contact,50,https://www.pakadmissions.com/beaconhouse-national-university-bnu-fall-admission-2026
20,BS Computer Science / Software Engineering / Artificial Intelligence,Available upon contact,50,https://jaamiah.com/university/beaconhouse-national-university-lahore/
20,"Bachelor of Architecture (B.Arch, 5 Years, PCATP Accredited)",Available upon contact,50,https://www.ilmkidunya.com/colleges/beaconhouse-national-university-bnu-lahore-admission.aspx
21,B.Ed (4 Years),62.14%-63.34% (Fall 2022 official merit list range),50,https://bnbwu.edu.pk/wp-content/uploads/2022/10/Merit-list-fall-2022.pdf
21,BBA / BS Management Technology,59.00%-68.35% (Fall 2022 official merit list range),50,https://bnbwu.edu.pk/wp-content/uploads/2022/10/Merit-list-fall-2022.pdf
21,BS Biotechnology,59.00%-67.51% (Fall 2022 official merit list range),50,https://bnbwu.edu.pk/wp-content/uploads/2022/10/Merit-list-fall-2022.pdf
21,BS Computer Science,63.09%-71.00% (Fall 2022 official merit list range),50,https://bnbwu.edu.pk/wp-content/uploads/2022/10/Merit-list-fall-2022.pdf
21,BS English,63.50%-66.87% (Fall 2022 official merit list range),50,https://bnbwu.edu.pk/wp-content/uploads/2022/10/Merit-list-fall-2022.pdf
21,Doctor of Physiotherapy (DPT),"57.44%-79.79% (Fall 2022 official merit list range, actual admitted candidates)",60,https://bnbwu.edu.pk/wp-content/uploads/2022/10/Merit-list-fall-2022.pdf
22,BS (general programs),Available upon contact,45,https://www.ilmkidunya.com/colleges/benazir-bhutto-shaheed-university-lyari-karachi-admission.aspx
23,BSc Engineering Technology (Civil/Electrical/Mechanical/Computer),Available upon contact,,https://en.wikipedia.org/wiki/Benazir_Bhutto_Shaheed_University_of_Technology_and_Skill_Development
24,BBA,Available upon contact,50,https://www.cecos.edu.pk/
24,BS Computer Science,Available upon contact,50,https://www.cecos.edu.pk/
24,BS English,Available upon contact,50,https://www.cecos.edu.pk/
24,BS Mechanical Engineering Technology,Available upon contact,50,https://www.cecos.edu.pk/
25,BS (Accounting & Finance),Available upon contact,,https://lahore.comsats.edu.pk/Academics/Offered-Programs.aspx
25,BS (Artificial Intelligence),"87.69 (Spring 2025 closing merit, Islamabad Morning)",,https://lahore.comsats.edu.pk/Academics/Offered-Programs.aspx
25,BS (Business Administration),Available upon contact,,https://lahore.comsats.edu.pk/Academics/Offered-Programs.aspx
25,BS (Business Data Analytics),Available upon contact,,https://lahore.comsats.edu.pk/Academics/Offered-Programs.aspx
25,BS (Chemical Engineering),Available upon contact,,https://lahore.comsats.edu.pk/Academics/Offered-Programs.aspx
25,BS (Chemistry),Available upon contact,,https://lahore.comsats.edu.pk/Academics/Offered-Programs.aspx
25,BS (Computer Engineering),Available upon contact,,https://lahore.comsats.edu.pk/Academics/Offered-Programs.aspx
25,BS (Computer Science),"88.26 (Spring 2025 closing merit, Islamabad Morning)",,https://lahore.comsats.edu.pk/Academics/Offered-Programs.aspx
25,BS (Economics with Data Science),Available upon contact,,https://lahore.comsats.edu.pk/Academics/Offered-Programs.aspx
25,BS (Economics),"50.45 (Spring 2025 closing merit, Islamabad Morning)",,https://lahore.comsats.edu.pk/Academics/Offered-Programs.aspx
25,BS (Electrical Engineering),Available upon contact,,https://lahore.comsats.edu.pk/Academics/Offered-Programs.aspx
25,BS (Electronics and Computing),Available upon contact,,https://lahore.comsats.edu.pk/Academics/Offered-Programs.aspx
25,BS (Mathematics with Data Science),Available upon contact,,https://lahore.comsats.edu.pk/Academics/Offered-Programs.aspx
25,BS (Mathematics),Available upon contact,,https://lahore.comsats.edu.pk/Academics/Offered-Programs.aspx
25,BS (Physics),Available upon contact,,https://lahore.comsats.edu.pk/Academics/Offered-Programs.aspx
25,BS (Psychology),Available upon contact,,https://lahore.comsats.edu.pk/Academics/Offered-Programs.aspx
25,BS (Software Engineering),"87.2 (Spring 2025 closing merit, Islamabad Morning)",,https://lahore.comsats.edu.pk/Academics/Offered-Programs.aspx
25,BS English (Language & Literature),Available upon contact,,https://lahore.comsats.edu.pk/Academics/Offered-Programs.aspx
25,BS Media and Communication Studies,Available upon contact,,https://lahore.comsats.edu.pk/Academics/Offered-Programs.aspx
25,BS Statistics (Data Science),Available upon contact,,https://lahore.comsats.edu.pk/Academics/Offered-Programs.aspx
25,Bachelor of Architecture,Available upon contact,,https://lahore.comsats.edu.pk/Academics/Offered-Programs.aspx
25,Bachelor of Design,Available upon contact,,https://lahore.comsats.edu.pk/Academics/Offered-Programs.aspx
25,Doctor of Pharmacy (Pharm D),Available upon contact,,https://lahore.comsats.edu.pk/Academics/Offered-Programs.aspx
26,BBA,Available upon contact,50,https://pmdc.org.pk/capital-university-of-science-technology-cust-islamabad/
26,BS Civil Engineering,Available upon contact,50,https://www.eduvision.edu.pk/capital-university-of-science-and-technology-cust-islamabad-ins-710
26,BS Computer Science (BSCS),Available upon contact,50,https://pmdc.org.pk/capital-university-of-science-technology-cust-islamabad/
26,BS Electrical Engineering,Available upon contact,50,https://www.eduvision.edu.pk/capital-university-of-science-and-technology-cust-islamabad-ins-710
26,BS Information Technology (BSIT),Available upon contact,50,https://pmdc.org.pk/capital-university-of-science-technology-cust-islamabad/
26,BS Mechanical Engineering,Available upon contact,50,https://www.eduvision.edu.pk/capital-university-of-science-and-technology-cust-islamabad-ins-710
26,BS Software Engineering (BSSE),Available upon contact,50,https://pmdc.org.pk/capital-university-of-science-technology-cust-islamabad/
27,BBA,Available upon contact,50,https://gotest.com.pk/merit-list/city-university-peshawar-merit-list/
27,BS Civil Engineering,Available upon contact,50,https://www.ilmkidunya.com/colleges/city-university-of-science-information-technology-peshawar.aspx
27,BS Computer Science (BCS),Available upon contact,50,https://gotest.com.pk/merit-list/city-university-peshawar-merit-list/
27,BS Electrical Engineering,Available upon contact,50,https://www.ilmkidunya.com/colleges/city-university-of-science-information-technology-peshawar.aspx
28,BBA / Business Administration / Artificial Intelligence,Available upon contact,50,https://pmdc.org.pk/dha-suffa-university-karachi/
28,BS Computer Science,Available upon contact,60,https://www.ilmkidunya.com/colleges/dha-suffa-university-karachi-admission.aspx
28,BS Electrical Engineering / Software Engineering,Available upon contact,50,https://pmdc.org.pk/dha-suffa-university-karachi/
29,BBA,Available upon contact,40,https://www.vstudents.org/education/dihe-karachi-admissions/
29,BS Computer Science,Available upon contact,40,https://www.vstudents.org/education/dihe-karachi-admissions/
29,LLB (4 Years),Available upon contact,40,https://www.vstudents.org/education/dihe-karachi-admissions/
30,BE (all engineering disciplines) / B.Arch,Available upon contact,50,https://admissions.duet.edu.pk/admission-policy/
30,BS Computer Sciences / Mathematics,Available upon contact,50,https://admissions.duet.edu.pk/bs-program/
30,BS Management & Technology / Industrial Management & Technology,Available upon contact,50,https://admissions.duet.edu.pk/eligibility/
30,BS Material Science,Available upon contact,50,https://admissions.duet.edu.pk/eligibility/
31,BDS,"~78.72% (2024 cycle, open merit)",60,https://www.paklearningspot.com/2022/12/expected-mbbs-closing-merit-of-medical.html
31,BS Medical Technology,Available upon contact,50,https://pmdc.org.pk/dow-university-of-health-sciences-duhs-admission-guide/
31,BS Nursing,Available upon contact,50,https://pmdc.org.pk/dow-university-of-health-sciences-duhs-admission-guide/
31,MBBS,"~80.92% (2024 cycle, open merit, Dow Medical College); ~79.83% (self-finance)",60,https://www.paklearningspot.com/2022/12/expected-mbbs-closing-merit-of-medical.html
31,Pharm-D,Available upon contact,50,https://pmdc.org.pk/dow-university-of-health-sciences-duhs-admission-guide/
32,BBA / Business Administration (4 Years),Available upon contact,,https://www.result.pk/colleges/emaan-institute-of-management-and-sciences-admission.html
32,BS Computer Science (4 Years),Available upon contact,,https://www.result.pk/colleges/emaan-institute-of-management-and-sciences-admission.html
33,BS Artificial Intelligence,Available upon contact,45,https://eum.edu.pk/merit-list/
33,BS Computer Science,Available upon contact,45,https://eum.edu.pk/merit-determination/
33,BS Cyber Security,Available upon contact,45,https://eum.edu.pk/list-of-the-qualifying-students-for-admission-of-bs-cyber-security-session-2023-2027/
33,BS Data Science,Available upon contact,45,https://eum.edu.pk/merit-list/
33,BS Information Technology,Available upon contact,45,https://eum.edu.pk/2nd-list-of-the-qualifying-students-for-admission-of-bs-information-technology-session-2023-2027/
33,BS Software Engineering,Available upon contact,45,https://eum.edu.pk/merit-list/
34,BDS,Available upon contact,65,https://pmdc.org.pk/faisalabad-medical-university-fmu-admission-guide/
34,BSc Allied Health Sciences,Available upon contact,50,https://jaamiah.com/university/faisalabad-medical-university/
34,BSc Nursing,Available upon contact,50,https://jaamiah.com/university/faisalabad-medical-university/
34,MBBS,"93.79% (2025-26 UHS final open-merit list, Punjab Medical College)",65,https://premeth.com/calculator
35,"B.Ed (2 Years, post-BS)",Available upon contact,45,https://fjwu.edu.pk/admission-criteria/admission-requirements/
35,BCS (Computer Science),Available upon contact,60,https://fjwu.edu.pk/admission-criteria/
35,BS Behavioral Sciences / Education,Available upon contact,,https://fjwu.edu.pk/admission-criteria/
35,BS Engineering,Available upon contact,,https://fjwu.edu.pk/admission-criteria/
35,LLB,Available upon contact,50,https://fjwu.edu.pk/admission-criteria/
36,BBA,Available upon contact,50,https://sciknowledgehub.com/federal-urdu-university-of-arts-sciences-technology-fuuast-admission-details/
36,BS Computer Science / Artificial Intelligence / Cyber Security,Available upon contact,50,https://sciknowledgehub.com/federal-urdu-university-of-arts-sciences-technology-fuuast-admission-details/
36,BS Psychology / Economics / Commerce / Zoology / Chemistry / Geography / International Relations / Social Work,"45-84% (real 2024 department merit range, actual selected candidates)",45,https://fuuast.edu.pk/wp-content/uploads/2023/12/Admission-2024-Morning-2nd-Open-Merit-List-Web-Copy.pdf
36,BS Urdu / Arabic / Sindhi / Islamiat,"45-83% (real 2023-24 department merit range, actual selected candidates)",45,https://sciknowledgehub.com/federal-urdu-university-of-arts-sciences-technology-fuuast-admission-details/
36,Pharm-D,Available upon contact,60,https://sciknowledgehub.com/federal-urdu-university-of-arts-sciences-technology-fuuast-admission-details/
37,BS (Hons) Biotechnology,Available upon contact,50,https://ratta.com.pk/fc-college-merit-list/
37,BS (Hons) Business (Accounting & Finance/Marketing/HR),Available upon contact,50,https://ratta.com.pk/fc-college-merit-list/
37,BS (Hons) Computer Science,Available upon contact,50,https://www.ilmkidunya.com/colleges/forman-christian-college-university-lahore-admission.aspx
37,Bachelor of Physics / Mathematics / Psychology / Sociology / History,Available upon contact,50,https://www.ilmkidunya.com/colleges/forman-christian-college-university-lahore-admission.aspx
38,BBA,Available upon contact,50,https://pmdc.org.pk/foundation-university-islamabad-fui-admission-guide/
38,BS Computer Science,Available upon contact,50,https://pmdc.org.pk/foundation-university-islamabad-fui-admission-guide/
38,BS Psychology,Available upon contact,50,https://pmdc.org.pk/foundation-university-islamabad-fui-admission-guide/
38,DPT,Available upon contact,,https://www.ilmkidunya.com/colleges/foundation-university-islamabad-merit-lists.aspx
38,MBBS,Available upon contact,,https://campusaxis.pk/blog/foundation-university-islamabad-university-complete-guide-2026-admissions-programs-careers
39,BS Accounting & Finance,Available upon contact,60,https://www.vstudents.org/education/gift-university-gujranwala-admissions/
39,BS Business Administration / BBA,Available upon contact,60,https://pmdc.org.pk/gift-university-gujranwala/
39,BS Computer Science,Available upon contact,60,https://www.vstudents.org/education/gift-university-gujranwala-admissions/
39,BS Engineering,Available upon contact,60,https://www.vstudents.org/education/gift-university-gujranwala-admissions/
39,BS Psychology / English,Available upon contact,60,https://www.vstudents.org/education/gift-university-gujranwala-admissions/
39,BS Software Engineering,Available upon contact,60,https://pmdc.org.pk/gift-university-gujranwala/
40,BS Civil Engineering,Available upon contact,50,https://pmdc.org.pk/ghazi-national-institute-of-engineering-sciences-gnies-dera-ghazi-khan/
40,BS Computer Engineering,Available upon contact,50,https://pmdc.org.pk/ghazi-national-institute-of-engineering-sciences-gnies-dera-ghazi-khan/
40,BS Electrical Engineering,Available upon contact,50,https://pmdc.org.pk/ghazi-national-institute-of-engineering-sciences-gnies-dera-ghazi-khan/
40,BS Mechanical Engineering,Available upon contact,50,https://pmdc.org.pk/ghazi-national-institute-of-engineering-sciences-gnies-dera-ghazi-khan/
41,BS Computer Science,Available upon contact,45,https://gu.edu.pk/
41,BS Economics,Available upon contact,45,https://gu.edu.pk/
41,BS Information Technology,Available upon contact,45,https://gu.edu.pk/
41,LLB,Available upon contact,45,https://gu.edu.pk/
42,BS Artificial Intelligence / Data Science,Available upon contact,60,https://giki.edu.pk/admissions/admissions-undergraduates/eligibility-criteria/
42,BS Computer Science,Available upon contact - Merit = 85% GIKI Entry Test + 15% FSc/A-Level,60,https://pmdc.org.pk/giki-ghulam-ishaq-khan-institute-admission-guide/
42,BS Electrical Engineering,Available upon contact - Merit = 85% Entry Test + 15% FSc,60,https://pmdc.org.pk/giki-ghulam-ishaq-khan-institute-admission-guide/
42,BS Management Sciences,Available upon contact,60,https://giki.edu.pk/admissions/admissions-undergraduates/eligibility-criteria/
42,BS Mechanical Engineering,Available upon contact,60,https://blog.maqsad.io/blog/giki-registration-guide
43,"BDS (Gomal Medical College, affiliated)",Available upon contact,60,https://pmdc.org.pk/gomal-medical-college-dera-ismail-khan/
43,BS Computer Science,Available upon contact,50,https://jaamiah.com/university/gomal-university-dik/
43,BS Islamic Studies,Available upon contact,50,https://www.result.pk/merit-list/2023/gomal-university/dera-ismail-khan-latest/
43,BS Pakistan Studies,Available upon contact,50,https://www.result.pk/merit-list/gomal-university/bs-pakistan-studies/dera-ismail-khan-latest/
43,"MBBS (Gomal Medical College, affiliated)",Available upon contact,60,https://pmdc.org.pk/gomal-medical-college-dera-ismail-khan/
44,BBA,Available upon contact,,https://meraadmission.net/government-college-university-faisalabad-gcuf-admission-guide/
44,BS Chemistry / BS Psychology / BS English,Available upon contact,,https://meraadmission.net/government-college-university-faisalabad-gcuf-admission-guide/
44,BS Computer Science,Available upon contact,50,https://pmdc.org.pk/government-college-university-faisalabad-gcuf-admission-guide/
44,BS Electrical Engineering,Available upon contact,70,https://sabaqguide.com/blog/gc-university-faisalabad-admissions
44,LLB (5-Year),Available upon contact,50,https://sabaqguide.com/blog/gc-university-faisalabad-admissions
45,"BS (general, most departments)","~69.72% (recent cycle, general programs)",50,http://dcs.gcu.edu.pk/DCS/criteria
45,BS Computer Science,~69.72% (last published merit list),50,http://dcs.gcu.edu.pk/DCS/criteria
45,BS Physics,Available upon contact,50,https://campusaxis.pk/gcu-merit-calculator
45,LLB,Available upon contact,50,https://gcu.edu.pk/admissions.php?pg=bs-program
45,Pharm-D (5-Years),Available upon contact,50,https://gcu.edu.pk/admissions.php?pg=bs-program
46,BS Artificial Intelligence,Available upon contact,45,https://www.result.pk/merit-list/the-government-sadiq-college-women-university/bs-artificial-intelligence/bahawalpur-latest/
46,BS Artificial Intelligence (BS AI),Available upon contact,,http://www.gscwu.edu.pk/
46,BS Computer Science (BS CS),Available upon contact,,http://www.gscwu.edu.pk/
46,BS Food Sciences and Technology,Available upon contact,45,https://www.result.pk/merit-list/the-government-sadiq-college-women-university/bahawalpur-latest/
46,BS Information Technology (BS IT),Available upon contact,,http://www.gscwu.edu.pk/
47,BS (Hons) Botany / Chemistry / Physics / Zoology / Mathematics / Statistics / Information Technology,Available upon contact,,https://pu.edu.pk/affiliation/collegeinfo/301/Govt.-Viqar-un-Nisa-Graduate-College-for-Women-Rawalpindi
47,BS (Hons) Education / Applied Psychology,Available upon contact,,https://pu.edu.pk/affiliation/collegeinfo/301/Govt.-Viqar-un-Nisa-Graduate-College-for-Women-Rawalpindi
47,BS (Hons) English / Urdu / Political Science / Islamic Studies / Business Administration / Fine Arts,Available upon contact,,https://pu.edu.pk/affiliation/collegeinfo/301/Govt.-Viqar-un-Nisa-Graduate-College-for-Women-Rawalpindi
48,BBA,Available upon contact,50,https://www.pakadmissions.com/grand-asian-university-sialkot-spring-admission-2026
48,BS Computer Science / Software Engineering,Available upon contact,50,https://pmdc.org.pk/grand-asian-university-sialkot-gaus-admission-guide/
48,BS Zoology / Biotechnology / Biochemistry,Available upon contact,50,https://www.pakadmissions.com/grand-asian-university-sialkot-spring-admission-2026
48,DPT / Pharm-D,Available upon contact,50,https://pmdc.org.pk/grand-asian-university-sialkot-gaus-admission-guide/
48,LLB,Available upon contact,50,https://pmdc.org.pk/grand-asian-university-sialkot-gaus-admission-guide/
49,BBA,Available upon contact,60,https://jaamiah.com/university/the-green-international-university-lahore/
49,"BS (general, other faculties)",Available upon contact,60,https://alluniversities.pk/listing/the-green-international-university-lahore/
49,BS Computer Science,Available upon contact,60,https://jaamiah.com/university/the-green-international-university-lahore/
50,BS Business Administration / Economics & Finance,Available upon contact,50,https://www.greenwich.edu.pk/eligibility-criteria
50,BS Mass Communication and Media Studies,Available upon contact,50,https://www.greenwich.edu.pk/admissions
50,International Tourism & Hotel Management,Available upon contact,50,https://campusguru.pk/en/university/karachi/greenwich-university-karachi-main-campus
51,BS Biomedical Engineering,Available upon contact,,http://www.hitecuni.edu.pk/
51,BS Civil Engineering,Available upon contact,,http://www.hitecuni.edu.pk/
51,BS Computer Science,Available upon contact,,http://www.hitecuni.edu.pk/
51,BS Electrical Engineering,Available upon contact,,http://www.hitecuni.edu.pk/
51,BS Mechanical Engineering,Available upon contact,,http://www.hitecuni.edu.pk/
52,BS Computer Engineering,Available upon contact,60,https://www.ilmkidunya.com/colleges/habib-university-karachi-admission.aspx
52,BS Computer Science,Available upon contact (holistic: test + essays + interview),65,https://blog.maqsad.io/blog/habib-university-admission
52,BS Electrical Engineering,Available upon contact,60,https://blog.maqsad.io/blog/habib-university-admission
52,BSc (Hons) Social Development & Policy,Available upon contact,55,https://www.ilmkidunya.com/colleges/habib-university-karachi-admission.aspx
53,BS Banking & Finance / Human Resource Management / Marketing Management / Supply Chain Management,Available upon contact,50,https://hup.edu.pk/merit-list/
53,BS Computer Science,Available upon contact,50,https://jaamiah.com/university/hajvery-university-shiekhupura/
53,BS Software Engineering,Available upon contact,50,https://hup.edu.pk/merit-list/
53,BS Tech Electrical / Civil,Available upon contact,50,https://www.ilmkidunya.com/colleges/hajvery-university-lahore-admission.aspx
54,BS-English,Available upon contact,,http://www.hamdard.edu.pk/
55,BS Architecture (5 Years),Available upon contact,50,https://www.hu.edu.pk/program/15
55,BS Biotechnology / Biochemistry / Microbiology,Available upon contact,50,https://pmdc.org.pk/hazara-university-mansehra/
55,BS Computer Science,Available upon contact,50,https://pmdc.org.pk/hazara-university-mansehra/
55,BS Management Sciences / BBA,Available upon contact,50,https://pmdc.org.pk/hazara-university-mansehra/
55,LLB,Available upon contact,,https://www.ilmkidunya.com/colleges/hazara-university-mansehra-merit-lists.aspx
55,Pharm-D,Available upon contact,,https://www.ilmkidunya.com/colleges/hazara-university-mansehra-merit-lists.aspx
56,BS Computer Science (General/Cyber Security/AI/Data Science/IoT specializations),Available upon contact,50,https://blog.travel-culture.com/2026/05/18/hyderabad-institute-for-technology-and-management-sciences-admissions-2026/
56,BS FinTech,Available upon contact,50,https://blog.travel-culture.com/2026/05/18/hyderabad-institute-for-technology-and-management-sciences-admissions-2026/
56,BS Software Engineering,Available upon contact,50,https://www.result.pk/educom/hitms-hyderabad-institute-for-technology-management-sciences-bs-admission-2024-44682.htm
57,BBA,Available upon contact,40,https://resultinfo.pk/ibadat-international-university-islamabad-admission/
57,BS Civil Engineering,Available upon contact,60,https://iiui.edu.pk/admission-criteria/
57,BS Software Engineering / Computer Science / Artificial Intelligence / Robotics & AI,Available upon contact,50,https://iiui.edu.pk/admission-criteria/
57,BSN (Nursing),Available upon contact,60,https://iiui.edu.pk/merit-list/
57,LLB,Available upon contact,50,https://iiui.edu.pk/admission-criteria/
57,Pharm-D,Available upon contact,60,https://iiui.edu.pk/merit-list/
58,BBA,Available upon contact,,https://www.ilmkidunya.com/colleges/iqra-national-university-inu-peshawar-admission.aspx
58,BS Computer Science,Available upon contact,,https://ratta.com.pk/iqra-national-university-peshawar-admission/
58,BS Psychology,Available upon contact,,https://www.ilmkidunya.com/colleges/iqra-national-university-inu-peshawar-admission.aspx
58,DPT,Available upon contact,,https://admissionscorner.com/iqra-national-university-peshawar-admissions/
59,BA/BS/B.Com (general),Available upon contact,,https://www.ilmkidunya.com/colleges/ilma-university-karachi-admission.aspx
59,BBA (Marketing / Banking & Finance / HRM / Supply Chain Management),Available upon contact,,https://www.ilmkidunya.com/colleges/ilma-university-karachi.aspx
59,BS Computer Science / Artificial Intelligence / Software Engineering,Available upon contact,50,https://www.ilmkidunya.com/colleges/ilma-university-karachi-admission.aspx
59,BS Media Sciences,Available upon contact,,https://www.ilmkidunya.com/colleges/ilma-university-karachi.aspx
60,BBA,Available upon contact,,https://imperial.edu.pk/wp-content/uploads/2022/09/Admission-Policy-Final-2022-ICBS.pdf
60,BS Civil Engineering / Electrical Engineering,Available upon contact,60,https://jaamiah.com/university/imperial-college-of-business-studies/
60,BS Computer Science,Available upon contact,50,https://jaamiah.com/university/imperial-college-of-business-studies/
61,BS Computer Science,Available upon contact,50,https://blog.maqsad.io/blog/indus-university-admission-guide
61,BS Media and Communication Studies,Available upon contact,50,https://blog.maqsad.io/blog/indus-university-admission-guide
61,BS Medical Technology,Available upon contact,45,https://blog.maqsad.io/blog/indus-university-admission-guide
61,BS Psychology,Available upon contact,50,https://blog.maqsad.io/blog/indus-university-admission-guide
61,BS Software Engineering,Available upon contact,50,https://blog.maqsad.io/blog/indus-university-admission-guide
61,Bachelor of Fashion Design (BFD),Available upon contact,50,https://blog.maqsad.io/blog/indus-university-admission-guide
61,Bachelor of Interior Design (BID),Available upon contact,50,https://blog.maqsad.io/blog/indus-university-admission-guide
61,Bachelor of Textile Design (BTD),Available upon contact,50,https://blog.maqsad.io/blog/indus-university-admission-guide
62,BA Fine Art,Available upon contact,20,https://www.vstudents.org/education/indus-valley-karachi-admissions/
62,BS Communication Design,Available upon contact,20,https://indusvalley.edu.pk/admission-undergraduate/
62,BS Interior Design / Textile Design / Fashion Design,Available upon contact,20,https://indusvalley.edu.pk/admission-undergraduate/
62,Bachelor of Architecture,Available upon contact,20,https://www.ilmkidunya.com/colleges/indus-valley-school-of-art-and-architecture-ivs-karachi-admission.aspx
63,BS Computer Science / Artificial Intelligence,~84-87% (typical safe range for 1st/2nd merit lists),50,https://itu.edu.pk/admissions/application-process/
63,BS Economics with Data Science / Management & Technology,Available upon contact,70,https://pmdc.org.pk/information-technology-university-itu-admission-guide/
63,BS Electrical Engineering / Computer Engineering,Available upon contact,70,https://pmdc.org.pk/information-technology-university-itu-admission-guide/
64,BS Construction Management,Available upon contact,45,https://www.hec.gov.pk/english/universities/Pages/Punjab/Institute-for-Art-and-Culture.aspx
64,Bachelor of Architecture,Available upon contact,60,https://edumissionworld.com.pk/admission/institute-for-art-culture-iac-lahore-admissions-fall-2022-open/
64,Bachelor of Computer Science,Available upon contact,50,https://edumissionworld.com.pk/admission/institute-for-art-culture-iac-lahore-admissions-fall-2022-open/
64,Bachelor of Film & Television / Animation Design / Game Design,Available upon contact,45,https://www.studysolutions.pk/institute-for-art-and-culture-iac-lahore-admission
64,Bachelor of Fine Arts / Graphic Design / Textile Design / Fashion Design,Available upon contact,45,https://www.graana.com/blog/exploring-the-world-of-iac-lahore/
64,Bachelor of Interior Design,Available upon contact,60,https://admissionpk.com/institute-of-arts-and-culture-admission/
65,BS (Accounting & Finance),Available upon contact,60,https://admissions.iba.edu.pk/
65,BS (Business Analytics),Available upon contact,60,https://admissions.iba.edu.pk/
65,BS (Computer Science),Available upon contact,60,https://admissions.iba.edu.pk/
65,BS (Economics & Data Science),Available upon contact,60,https://admissions.iba.edu.pk/
65,BS (Economics & Mathematics),Available upon contact,60,https://admissions.iba.edu.pk/
65,BS (Economics),Available upon contact,60,https://admissions.iba.edu.pk/
65,BS (Mathematics),Available upon contact,60,https://admissions.iba.edu.pk/
65,BS (Social Sciences & Liberal Arts),Available upon contact,60,https://admissions.iba.edu.pk/
66,BBA (Honors),Available upon contact,50,https://pmdc.org.pk/institute-of-business-management-iobm-admission-guide/
66,BE Electrical Engineering,Available upon contact,,https://www.iobm.edu.pk/admission/admission-requirement
66,BS Computer Science,Available upon contact,55,https://eduniversal-ranking.com/institute-of-business-management-iobm-ranking.html
66,BS Data Science,Available upon contact,55,https://eduniversal-ranking.com/institute-of-business-management-iobm-ranking.html
66,BS Software Engineering,Available upon contact,55,https://eduniversal-ranking.com/institute-of-business-management-iobm-ranking.html
67,BBA,Available upon contact,50,https://jaamiah.com/university/imsciences-peshawar/
67,BS Computer Science (BCS),Available upon contact,50,https://jaamiah.com/university/imsciences-peshawar/
67,BS Economics,Available upon contact,50,https://www.vstudents.org/education/imsciences-peshawar-admissions/
67,BS Social Sciences,Available upon contact,50,https://www.vstudents.org/education/imsciences-peshawar-admissions/
67,BS Software Engineering (BSE),Available upon contact,50,https://www.vstudents.org/education/imsciences-peshawar-admissions/
68,BS Aerospace Engineering,Available upon contact,60,https://www.eduvision.edu.pk/merit/ist-merit-calculator.php
68,BS Avionics Engineering,Available upon contact,60,https://admissionscorner.com/institute-of-space-technology-ist-admissions/
68,BS Electrical Engineering,Available upon contact,60,https://www.eduvision.edu.pk/merit/ist-merit-calculator.php
68,BS Mechanical Engineering,Available upon contact,60,https://jaamiah.com/university/institute-of-space-technology-ist-islamabad/
68,BS Space Science,Available upon contact,60,https://admissionscorner.com/institute-of-space-technology-ist-admissions/
69,BS/BA Programs (General Undergraduate),Available upon contact,,https://www.iiu.edu.pk/about-iiu/location/
70,BBA (Hons) / BS Accounting & Finance,Available upon contact,50,https://www.iqrauni.edu.pk/admission-criteria
70,BS Commerce,Available upon contact,45,https://www.pakadmissions.com/iqra-university-karachi-iqra-fall-admissions-2026
70,BS Computer Science / Software Engineering / Artificial Intelligence,Available upon contact,50,https://www.iqrauni.edu.pk/admissions
70,BS FinTech / Applied Computing,Available upon contact,50,https://www.pakadmissions.com/iqra-university-karachi-iqra-fall-admissions-2026
70,BS Human Nutrition and Dietetics / Medical Lab Technology,Available upon contact,60,https://www.iqrauni.edu.pk/admission-criteria
71,BS Botany,Available upon contact,,https://pmdc.org.pk/islamia-college-university-peshawar-icup-admission-guide/
71,BS Computer Science,Available upon contact,,https://pmdc.org.pk/islamia-college-university-peshawar-icup-admission-guide/
71,BS Political Science,Available upon contact,,https://pmdc.org.pk/islamia-college-university-peshawar-icup-admission-guide/
71,BS Zoology,Available upon contact,,https://pmdc.org.pk/islamia-college-university-peshawar-icup-admission-guide/
72,BBA,Available upon contact,,http://www.jsmu.edu.pk
72,BBA HCM,Available upon contact,,http://www.jsmu.edu.pk
73,BBA / BCom / Economics,Available upon contact,45,https://www.ilmkidunya.com/admissions/Admission-Open-in-Jinnah-University-for-Women-Karachi-23226.aspx
73,BS Biochemistry / Biotechnology / Botany / Zoology / Microbiology,Available upon contact,45,https://www.ilmkidunya.com/admissions/Admission-Open-in-Jinnah-University-for-Women-Karachi-23226.aspx
73,BS Computer Science / Software Engineering,Available upon contact,45,https://jaamiah.com/university/jinnah-university-for-women-karachi/
73,BS Graphic Design / Textile Design / Fashion Design / Fine Arts,Available upon contact,45,https://www.result.pk/colleges/jinnah-university-for-women-admission.html
73,Bachelor of Eastern Medicine & Surgery (BEMS) / Homoeopathic Medical Science,Available upon contact,45,https://www.ilmkidunya.com/admissions/Admission-Open-in-Jinnah-University-for-Women-Karachi-23226.aspx
74,BBA,Available upon contact,50,https://kasbit.edu.pk/
74,BS Accounting & Finance,Available upon contact,60,https://www.ilmkidunya.com/colleges/khadim-ali-shah-bukhari-institute-of-technology-kasbit-karachi-admission.aspx
74,BS Computer Science,Available upon contact,50,https://kasbit.edu.pk/bs-cs/
74,BS Software Engineering,Available upon contact,50,https://hecresults.com.pk/kasbit-result/
75,BE Electrical / Avionics / Mechatronics / Software Engineering,Available upon contact,,https://kiet.edu.pk/faqs/
75,BS Actuarial Science / Mathematics / Psychology / English TESL,Available upon contact,,https://www.ilmkidunya.com/colleges/paf-karachi-institute-of-economics-and-technology-karachi-admission.aspx
75,BS Aviation Management / Accounting & Finance,Available upon contact,,https://kiet.edu.pk/faqs/
75,BS Computer Science / Software Engineering / Data Science / Cyber Security / AI,Available upon contact,,https://kiet.edu.pk/faqs/
76,MBBS,"83.43% (last year's closing merit, per official reporting)",65,https://www.pakadmissions.com/karachi-institute-of-medical-sciences-malir-karachi-kims-karachi
77,BBA (Entrepreneurship) / BS Computer Science / B.Des / B.Arch,Available upon contact,50,http://kite.edu.pk/faqs/
77,BS Mechanical Engineering / Electrical Engineering,Available upon contact,60,https://jaamiah.com/university/karachi-institute-of-technology-and-entrepreneurship-kite/
78,BS Accounting & Finance,Available upon contact,,https://blog.maqsad.io/blog/ksbl-admission-guide
78,BS Computer Science,Available upon contact,,https://blog.maqsad.io/blog/ksbl-admission-guide
78,BS Information Technology Management,Available upon contact,,https://blog.maqsad.io/blog/ksbl-admission-guide
78,BS Management & Entrepreneurship,Available upon contact,,https://www.ksbl.edu.pk/meba/
79,B.Ed Elementary,Available upon contact,45,https://www.pakadmissions.com/karakoram-international-university-gilgit-kiu-ghizer-spring-admissions-2026
79,BBA,Available upon contact,45,https://www.pakadmissions.com/karakoram-international-university-gilgit-kiu-ghizer-spring-admissions-2026
79,BS Accounting & Finance,Available upon contact,45,https://www.pakadmissions.com/karakoram-international-university-gilgit-kiu-ghizer-spring-admissions-2026
79,BS Biology / Biotechnology / Environmental Sciences,Available upon contact,45,https://pmdc.org.pk/karakoram-international-university-gilgit-baltistan-medical-sciences/
79,BS Medical Lab Technology,Available upon contact,45,https://www.ilmkidunya.com/colleges/karakurum-international-university-gilgit-admission.aspx
79,BS Mining Engineering,Available upon contact,45,https://jaamiah.com/university/karakoram-international-university/
79,BS Urdu / Psychology / Sociology,Available upon contact,45,https://www.ilmkidunya.com/colleges/karakurum-international-university-gilgit-admission.aspx
79,BS Zoology,Available upon contact,45,https://www.pakadmissions.com/karakoram-international-university-gilgit-kiu-ghizer-spring-admissions-2026
80,BS Bioinformatics,Available upon contact,,https://www.ilmkidunya.com/colleges/khwaja-fareed-university-of-engineering-and-information-technology-rahim-yar-khan-merit-lists.aspx
80,BS Civil Engineering,Available upon contact,,https://resultinfo.pk/kfueit-merit-list/
80,BS Computer Engineering,Available upon contact,,https://www.kfueit.edu.pk/
80,BS Electrical Engineering,Available upon contact,,https://www.kfueit.edu.pk/
80,LLB,Available upon contact,,https://en.wikipedia.org/wiki/Khawaja_Fareed_University_of_Engineering_and_Information_Technology
80,Pharm-D,Available upon contact,,https://en.wikipedia.org/wiki/Khawaja_Fareed_University_of_Engineering_and_Information_Technology
81,BS Computer Science and Bioinformatics,Available upon contact,,https://kkkuk.edu.pk/provisional-merit-list-of-departments-for-admission-fall-2025/
81,BS English,"~90-91% (Fall 2025 official merit list, actual selected candidates' aggregate)",,https://kkkuk.edu.pk/wp-content/uploads/2025/09/BS-ENGLISH-MERIT-LIST.pdf
81,BS Management Sciences / Political Science / Communication & Media Studies / Psychology,Available upon contact,,https://kkkuk.edu.pk/provisional-merit-list-of-departments-for-admission-fall-2025/
81,BS Zoology / Botany / Chemistry / Physics / Mathematics / Geology / Renewable Energy,Available upon contact,,https://kkkuk.edu.pk/provisional-merit-list-of-departments-for-admission-fall-2025/
82,BDS,Available upon contact,60,https://caspr.kmu.edu.pk/list.php
82,BS Nursing,Available upon contact,50,https://www.ilmkidunya.com/colleges/khyber-medical-university-kmu-peshawar-admission.aspx
82,BS Public Health,Available upon contact,50,https://pmdc.org.pk/khyber-medical-university-kmu-admission-guide/
82,DPT (Doctor of Physical Therapy),Available upon contact,50,https://pmdc.org.pk/khyber-medical-university-kmu-admission-guide/
82,MBBS,"~91.7% (Ayub Medical College, highest in KPK); ~87% (Nowshera/Gomal, lower-end)",60,https://premeth.com/kmu-aggregate-calculator
83,BDS,Available upon contact,65,https://mbbs.org.pk/kemu-admission/
83,DPT,Available upon contact,50,https://kemu.edu.pk/undergraduates-admissions/
83,MBBS,"~92.2% (2024-25, open merit, Punjab public sector)",65,https://www.paklearningspot.com/2022/12/download-king-edward-lahore-medical.html
84,B.Ed,Available upon contact,60,https://www.pakadmissions.com/kinnaird-college-for-women-lahore-kcw-fall-admission-2026
84,BBA,Available upon contact,60,https://www.mauqapakistan.com/2026/07/kinnaird-college-for-women-kcw-lahore-fall-admissions-2026-bs-bba-bfa-bed-mphil-phd-apply-online-by-10-july.html
84,BFA (Bachelor of Fine Arts),Available upon contact,60,https://www.mauqapakistan.com/2026/07/kinnaird-college-for-women-kcw-lahore-fall-admissions-2026-bs-bba-bfa-bed-mphil-phd-apply-online-by-10-july.html
84,BS (general sciences/social sciences),~70-85% (2026 expected closing merit range),60,https://ilmiworld.com/kinnaird-college-women-lahore-admissions-2026
85,BS Civil Engineering,Available upon contact,60,https://kust.edu.pk/
85,BS Computer Science,Available upon contact,50,https://kust.edu.pk/
85,BS Electrical Engineering,Available upon contact,60,https://kust.edu.pk/
85,BS Zoology,Available upon contact,45,https://kust.edu.pk/
86,BS Biochemistry / Microbiology / Bioinformatics / Environmental Science,Available upon contact,,https://www.ilmkidunya.com/colleges/kohsar-university-murree-admission.aspx
86,BS Computer Science / Software Engineering,Available upon contact,,https://www.result.pk/colleges/kohsar-university-murree.html
86,BS English / Botany,Available upon contact,,https://www.result.pk/colleges/kohsar-university-murree.html
86,BS Medical Lab Technology,Available upon contact,,https://www.ilmkidunya.com/colleges/kohsar-university-murree-admission.aspx
86,"BS Tourism, Hospitality and Management",Available upon contact,,https://www.result.pk/colleges/kohsar-university-murree.html
87,BS Computer Science / Software Engineering,Available upon contact,,https://lgu.edu.pk/merit-list/
87,BS Criminology and Forensic Sciences,Available upon contact,,https://en.wikipedia.org/wiki/Lahore_Garrison_University
87,BS Management Sciences / English,Available upon contact,,https://www.result.pk/colleges/lahore-garrison-university-merit-list.html
87,BS Mass Communication / International Relations,Available upon contact,,https://en.wikipedia.org/wiki/Lahore_Garrison_University
87,BS Psychology,Available upon contact,55,https://www.ilmkidunya.com/colleges/lahore-garrison-university-lgu-admission.aspx
88,BBA,Available upon contact,,https://gotest.com.pk/admissions/lahore-leads-university-admissions/
88,BS Accounting and Finance,Available upon contact,,https://www.ilmkidunya.com/colleges/lahore-leads-university-llu.aspx
88,BS Engineering (PEC-registered),Available upon contact,,https://www.ilmkidunya.com/colleges/lahore-leads-university-llu.aspx
88,BS Mass Communication / Psychology / Political Science,Available upon contact,,https://gotest.com.pk/admissions/lahore-leads-university-admissions/
89,BBA (Hons) Finance and Marketing / Marketing,Available upon contact,60,https://pmdc.org.pk/lahore-school-of-economics-lse-admission-guide/
89,BSc (Hons) Accounting and Finance,Available upon contact,60,https://pmdc.org.pk/lahore-school-of-economics-lse-admission-guide/
89,BSc (Hons) Economics / Economics and Finance / Economics and Management / Economics and Mathematics,Available upon contact,60,https://lahoreschoolofeconomics.edu.pk/getProgramsAdmission/1
90,BS Biotechnology,Available upon contact,,https://ubas.edu.pk/
90,BS Medical Lab Technology,Available upon contact,,https://ubas.edu.pk/admission-policy/
90,BS Radiology and Imaging Technology,Available upon contact,,https://ubas.edu.pk/
90,Pharm-D / DPT,Available upon contact,,https://admissionscorner.com/lahore-university-of-biological-and-applied-sciences-ubas-admissions/
91,BA (Honours) English,Available upon contact (holistic admission),70,https://www.vstudents.org/education/lums-university-lahore-admissions/
91,BA-LL.B,Available upon contact (holistic admission),70,https://www.vstudents.org/education/lums-university-lahore-admissions/
91,BS Computer Science,"Available upon contact (holistic admission, not aggregate-based)",70,https://pmdc.org.pk/lahore-university-of-management-sciences-lums-admission-guide/
91,BSc (Honours) Management Science,Available upon contact (holistic admission),70,https://lums.edu.pk/node/649
91,BSc Economics,Available upon contact (holistic admission),70,https://www.vstudents.org/education/lums-university-lahore-admissions/
92,BS Agriculture / Economics / English / International Relations,Available upon contact,45,https://www.result.pk/colleges/lasbela-university-of-agriculture-water-and-marine-sciences.html
92,BS Civil Engineering,Available upon contact,60,https://ilmway.pk/lasbela-university-of-agriculture-water-and-marine-sciences-luawms-uthal-admission-2026/
92,BS Computer Science,Available upon contact,50,https://ilmway.pk/lasbela-university-of-agriculture-water-and-marine-sciences-luawms-uthal-admission-2026/
92,BS Marine Sciences,Available upon contact,45,https://www.result.pk/colleges/lasbela-university-of-agriculture-water-and-marine-sciences.html
92,Doctor of Veterinary Medicine (DVM),Available upon contact,50,https://ilmway.pk/lasbela-university-of-agriculture-water-and-marine-sciences-luawms-uthal-admission-2026/
93,BS Biomedical Engineering,Available upon contact,,http://www.lumhs.edu.pk
93,BS Business & Information Technology,Available upon contact,,http://www.lumhs.edu.pk
93,BS HIMS,Available upon contact,,http://www.lumhs.edu.pk
94,"BS (undergraduate programs, general)",Available upon contact,100,https://maliruniversity.edu.pk/
95,BE Civil Engineering,Available upon contact,60,https://pmdc.org.pk/mehran-university-engineering-technology-muet-admission-guide/
95,BE Electrical Engineering,Available upon contact,60,https://pmdc.org.pk/mehran-university-engineering-technology-muet-admission-guide/
95,BE Engineering Technology (Civil/Electrical/Mechanical),Available upon contact,50,https://www.ilmkidunya.com/colleges/mehran-university-of-engineering-technology-jamshoro-admission.aspx
95,BS Computer Science,Available upon contact,50,https://www.ilmkidunya.com/colleges/mehran-university-of-engineering-technology-jamshoro-admission.aspx
95,BS Cyber Security,Available upon contact,50,https://www.ilmkidunya.com/colleges/mehran-university-of-engineering-technology-jamshoro-admission.aspx
96,BBA (Business Administration),Available upon contact,,https://www.arqumhouse.edu.pk/millennium-institute-of-technology-entrepreneurship-karachi-admission
96,BS Computer Science,Available upon contact,,https://www.arqumhouse.edu.pk/millennium-institute-of-technology-entrepreneurship-karachi-admission
96,BS Fashion Design (BFD),Available upon contact,,https://www.arqumhouse.edu.pk/millennium-institute-of-technology-entrepreneurship-karachi-admission
97,B.Ed,Available upon contact,45,https://jaamiah.com/university/mir-chakar-khan-rind-university-sibi/
97,"BS (Hons, general - Computer Science/Business Administration/Education/Agriculture/English/Law/Natural Sciences)",Available upon contact,45,https://jaamiah.com/university/mir-chakar-khan-rind-university-sibi/
98,BBA / Banking and Finance,Available upon contact,,https://www.ilmkidunya.com/colleges/mirpur-university-of-science-technology-must-mirpur-azad-kashmir-merit-lists.aspx
98,BS Civil / Electrical / Mechanical / Computer Engineering,Available upon contact,,https://gotest.com.pk/admissions/must-university-mirpur-ajk-admission/
98,BS Computer Science / Information Technology,Available upon contact,,https://www.ilmkidunya.com/colleges/mirpur-university-of-science-technology-must-mirpur-azad-kashmir-admission.aspx
99,BS Accounting & Finance,Available upon contact,,http://www.jinnah.edu
99,BS Accounting and Finance (2 years),Available upon contact,,http://www.jinnah.edu
99,BS Artificial Intelligence,Available upon contact,,http://www.jinnah.edu
99,BS Biotechnology,Available upon contact,,http://www.jinnah.edu
99,BS Biotechnology (2 years),Available upon contact,,http://www.jinnah.edu
99,BS Business Computing,Available upon contact,,http://www.jinnah.edu
99,BS Computer Science,Available upon contact,,http://www.jinnah.edu
99,BS Cyber Security,Available upon contact,,http://www.jinnah.edu
99,BS FinTech,Available upon contact,,http://www.jinnah.edu
99,BS FinTech (2 Years),Available upon contact,,http://www.jinnah.edu
99,BS Psychology,Available upon contact,,http://www.jinnah.edu
99,BS Psychology (2 years),Available upon contact,,http://www.jinnah.edu
99,BS Software Engineering,Available upon contact,,http://www.jinnah.edu
100,B.Sc. (Hons.) Agriculture,Available upon contact,17,https://gotest.com.pk/merit-list/mns-university-of-agriculture-multan-merit-list/
100,B.Sc. (Hons.) Environmental Science,Available upon contact,17,https://gotest.com.pk/merit-list/mns-university-of-agriculture-multan-merit-list/
100,BS Computer Science,"~89.6% (1st Merit List, Open Merit, Aug 2026)",17,https://mnsuam.edu.pk/images/2026/Admissions/Merit_List/1st_Merit_List_CS.pdf
100,BS Information Technology / Data Science,Available upon contact,17,https://gotest.com.pk/merit-list/mns-university-of-agriculture-multan-merit-list/
100,BS Medical Lab Technology,Available upon contact,50,https://www.mnsuam.edu.pk/index.php/news/1074-merit-lists-2023
101,BBA,Available upon contact,40,https://pmdc.org.pk/multan-university-of-science-and-technology-must-admission-guide/
101,BS Computer Science,Available upon contact,60,https://pmdc.org.pk/multan-university-of-science-and-technology-must-admission-guide/
101,BS Information Technology,Available upon contact,60,https://en.wikipedia.org/wiki/Multan_University_of_Science_%26_Technology
101,DPT,Available upon contact,60,https://admissionscorner.com/multan-university-of-science-and-technology-admissions/
101,DVM,Available upon contact,60,https://admissionscorner.com/multan-university-of-science-and-technology-admissions/
101,Pharm-D,Available upon contact,60,https://admissionscorner.com/multan-university-of-science-and-technology-admissions/
102,BS Civil Engineering / Electrical Engineering,Available upon contact,60,https://www.ilmkidunya.com/colleges/muslim-youth-university-admission.aspx
102,BS Computer Science,Available upon contact,45,https://www.ilmkidunya.com/colleges/muslim-youth-university-admission.aspx
102,BS International Relations,Available upon contact,45,https://www.ilmkidunya.com/colleges/muslim-youth-university.aspx
102,BS Peace and Conflict Studies / Psychology,Available upon contact,45,https://www.ilmkidunya.com/admissions/Admission-open-in-My-University-Islamabad-21361.aspx
102,BS Software Engineering / Artificial Intelligence / Data Science / Cyber Security,Available upon contact,45,https://www.ilmkidunya.com/admissions/Admission-open-in-My-University-Islamabad-21361.aspx
103,BE Civil Engineering,Available upon contact,60,https://www.eduvision.edu.pk/entry-test/ned-entry-test-pattern-deadline-weightage-aggregate-merit
103,BE Electrical Engineering,~78%+ (recent cycles),60,https://freetoolforge.org/ned-merit-calculator
103,BE Software Engineering,~80%+ (recent cycles),60,https://freetoolforge.org/ned-merit-calculator
103,BS Computer Science / BE Computer Systems Engineering,"~82%+ (most competitive program, recent cycles)",60,https://freetoolforge.org/ned-merit-calculator
103,BS Textile Sciences,Available upon contact,50,https://www.theeducationisthub.com/ned-university-of-engineering-and-technology-karachi-admissions-guidance-merit-criteria-fee-structure/
104,BS Computer Science,Available upon contact,50,https://studies.com.pk/namal-university-mianwali-merit-list/
104,BS Electrical Engineering,Available upon contact,50,https://namal.edu.pk/faqs
104,BS Mathematics,Available upon contact,50,https://studies.com.pk/namal-university-mianwali-merit-list/
104,Bachelor of Business Administration (BBA),Available upon contact,50,https://studies.com.pk/namal-university-mianwali-merit-list/
105,Bachelor of Architecture,Available upon contact,50,https://jaamiah.com/university/national-college-of-arts-university/
105,Bachelor of Cultural Studies,Available upon contact,50,https://www.ilmkidunya.com/colleges/national-college-of-arts-lahore-nca-lahore-admission.aspx
105,Bachelor of Design,"Available upon contact (""high merit"" noted for this dept)",50,https://www.ilmkidunya.com/colleges/national-college-of-arts-lahore-nca-lahore-admission.aspx
105,Bachelor of Fine Arts,"Available upon contact (""high merit"" noted for this dept)",50,https://www.ilmkidunya.com/colleges/national-college-of-arts-lahore-nca-lahore-admission.aspx
105,Bachelor of Musicology / Film & Television,Available upon contact,50,https://www.ilmkidunya.com/colleges/national-college-of-arts-lahore-nca-lahore-admission.aspx
106,BS (Hons) Clinical Psychology,Available upon contact,,http://www.ncbae.edu.pk
106,BS (Hons) Computer Science,Available upon contact,,http://www.ncbae.edu.pk
106,BS (Hons) Data Science,Available upon contact,,http://www.ncbae.edu.pk
106,BS (Hons) Education,Available upon contact,,http://www.ncbae.edu.pk
106,BS (Hons) Information Technology,Available upon contact,,http://www.ncbae.edu.pk
106,BS (Hons) Mass Communication & Media Studies,Available upon contact,,http://www.ncbae.edu.pk
106,BS (Hons) Psychology,Available upon contact,,http://www.ncbae.edu.pk
106,BS (Hons) Software Engineering,Available upon contact,,http://www.ncbae.edu.pk
106,BS (Hons) in Bio-Statistics,Available upon contact,,http://www.ncbae.edu.pk
106,BS (Hons) in Education,Available upon contact,,http://www.ncbae.edu.pk
106,BS (Hons) in English,Available upon contact,,http://www.ncbae.edu.pk
106,BS (Hons) in English (2 Years after ADP),Available upon contact,,http://www.ncbae.edu.pk
106,BS (Hons) in Environmental Science,Available upon contact,,http://www.ncbae.edu.pk
106,BS (Hons) in Fashion Design,Available upon contact,,http://www.ncbae.edu.pk
106,BS (Hons) in FinTech,Available upon contact,,http://www.ncbae.edu.pk
106,BS (Hons) in Fine Arts,Available upon contact,,http://www.ncbae.edu.pk
106,BS (Hons) in Graphic Design,Available upon contact,,http://www.ncbae.edu.pk
106,BS (Hons) in International Relations,Available upon contact,,http://www.ncbae.edu.pk
106,BS (Hons) in Mathematics,Available upon contact,,http://www.ncbae.edu.pk
106,BS (Hons) in Mathematics (2 Years),Available upon contact,,http://www.ncbae.edu.pk
106,BS (Hons) in Statistics (Specialization in Data Science),Available upon contact,,http://www.ncbae.edu.pk
106,BS Accounting & Finance,Available upon contact,,http://www.ncbae.edu.pk
106,BS FinTech,Available upon contact,,http://www.ncbae.edu.pk
107,"BS (4 Years, Faculty of Contemporary Studies)",Available upon contact,,https://ndu.edu.pk/admissions.php
108,BBA,Available upon contact,,https://nsu.edu.pk/bba
108,BS Business Analytics / Financial Technology & E-Commerce / Hospitality & Tourism Management,Available upon contact,,https://nsu.edu.pk/
108,BS Computer Science,Available upon contact,50,https://nsu.edu.pk/bs-cs
108,BS Medical Lab Technology / Biotechnology,Available upon contact,,https://nsu.edu.pk/
108,Bachelor of Engineering Technology (Computer/Electrical/Mechanical/Civil),Available upon contact,,https://nsu.edu.pk/
109,BS Accounting & Finance,Available upon contact,,http://www.ntu.edu.pk/
109,BS Artificial Intelligence,Available upon contact,,http://www.ntu.edu.pk/
109,BS Business Analytics,Available upon contact,,http://www.ntu.edu.pk/
109,BS Chemistry,Available upon contact,,http://www.ntu.edu.pk/
109,BS Computer Science,Available upon contact,,http://www.ntu.edu.pk/
109,BS Data Analytics,Available upon contact,,http://www.ntu.edu.pk/
109,BS English,Available upon contact,,http://www.ntu.edu.pk/
109,BS Garment Engineering Technology,Available upon contact,,http://www.ntu.edu.pk/
109,BS Industrial Engineering Technology,Available upon contact,,http://www.ntu.edu.pk/
109,BS Polymer Engineering,Available upon contact,,http://www.ntu.edu.pk/
109,BS Q & S Chain Management,Available upon contact,,http://www.ntu.edu.pk/
109,BS Software Engineering,Available upon contact,,http://www.ntu.edu.pk/
109,BS Technical Textiles,Available upon contact,,http://www.ntu.edu.pk/
109,BS Textile & Apparel Marchendizing,Available upon contact,,http://www.ntu.edu.pk/
109,BS Textile Engineering,Available upon contact,,http://www.ntu.edu.pk/
109,BS Textile Engineering Technology,Available upon contact,,http://www.ntu.edu.pk/
109,BS Textile Management & Marketing,Available upon contact,,http://www.ntu.edu.pk/
109,Bachelor of A & M Design,Available upon contact,,http://www.ntu.edu.pk/
109,Bachelor of Business Administration,Available upon contact,,http://www.ntu.edu.pk/
109,Bachelor of Computer Engineering Technology,Available upon contact,,http://www.ntu.edu.pk/
109,Bachelor of Digital Marketing & Creative Design,Available upon contact,,http://www.ntu.edu.pk/
109,Bachelor of Fashion Design,Available upon contact,,http://www.ntu.edu.pk/
109,Bachelor of Interior Design,Available upon contact,,http://www.ntu.edu.pk/
109,Bachelor of Textile Design,Available upon contact,,http://www.ntu.edu.pk/
109,Bachelor of Visual Arts,Available upon contact,,http://www.ntu.edu.pk/
110,BBA,Available upon contact,50,https://maqsad.io/fast-aggregate-calculator
110,BS Artificial Intelligence,~75.40% Lahore (NU-2025 closing merit),60,https://www.tayarishayari.com/resources/fast-nuces-entry-test-2026
110,BS Computer Science,~74.18% Lahore / ~72.68% Islamabad (NU-2025 closing merit),60,https://www.tayarishayari.com/resources/fast-nuces-entry-test-2026
111,Allied Health Sciences (BS),Available upon contact,,https://mdcatmentor.org/nums-mdcat/
111,BDS,Available upon contact,60,https://mdcatmentor.org/nums-mdcat/
111,BS Nursing (BSN),Available upon contact,,https://numspak.edu.pk/admissions-details.php
111,MBBS,"~95.20% (Army Medical College, 2024 open merit); ~90% (affiliated private colleges)",60,https://mdcatmentor.org/nums-mdcat/
112,BBA / Management Sciences,Available upon contact,45,https://pmdc.org.pk/national-university-modern-languages-numl-admission-guide/
112,BS Computer Science,Available upon contact,45,https://pmdc.org.pk/national-university-modern-languages-numl-admission-guide/
112,BS International Relations,Available upon contact,45,https://pmdc.org.pk/national-university-modern-languages-numl-admission-guide/
112,BS Languages (English/Chinese/Arabic/Korean/etc.),Available upon contact,45,https://pmdc.org.pk/national-university-modern-languages-numl-admission-guide/
113,BBA,65% (2024 closing merit),60,https://blog.maqsad.io/blog/nust-closing-merits
113,BS Computer Science,"~82-87% (2025-26 typical range, NET-based)",60,https://nust.edu.pk/admissions/undergraduates/merit-criteria-for-admission-on-net-basis/
113,BS Economics,67% (2024 closing merit),60,https://blog.maqsad.io/blog/nust-closing-merits
113,BS Electrical Engineering,72% (2024 closing merit),60,https://blog.maqsad.io/blog/nust-closing-merits
113,BS Mechanical Engineering,71% (2024 closing merit),60,https://blog.maqsad.io/blog/nust-closing-merits
113,BS Software Engineering (SEECS),74% (2024 closing merit),60,https://blog.maqsad.io/blog/nust-closing-merits
114,BS Computer Science / Artificial Intelligence / Software Engineering,Available upon contact,,https://en.wikipedia.org/wiki/National_University_of_Technology
114,BS Electrical Engineering / Civil Engineering / Computer Engineering,Available upon contact,,https://en.wikipedia.org/wiki/National_University_of_Technology
114,BS Mechanical Engineering,Available upon contact,,https://en.wikipedia.org/wiki/National_University_of_Technology
115,BBA (Business Studies / Management Studies / e-Business),Available upon contact,50,https://admissions.com.pk/nhu-admission/
115,BS Computer Science / Electronics Systems / Communications Systems / Renewable Energy,Available upon contact,,https://admissions.com.pk/nhu-admission/
115,Bachelor of Architecture / BE Mechanical & Electrical Engineering / BE Mechanical Engineering,Available upon contact,,https://nhu.edu.pk/admission-details/
115,Pharm-D,Available upon contact,,https://en.wikipedia.org/wiki/Nazeer_Hussain_University
116,B.Com / B.Tech (Civil/Electrical),Available upon contact,,https://www.studysolutions.pk/newports-institute-of-communication-and-economics-karachi-admission
116,"BBA (Hons, 4 Years)",Available upon contact,,https://en.wikipedia.org/wiki/Newports_Institute_of_Communications_and_Economics
116,BS Computer Science (4 Years),Available upon contact,,https://en.wikipedia.org/wiki/Newports_Institute_of_Communications_and_Economics
116,BS Fashion Designing / Textile Designing / Media Studies,Available upon contact,,https://campusguru.pk/en/university/karachi/newports-institute-of-communication-and-economics-karachi-main-campus
117,BDS,Available upon contact,65,https://www.ilmkidunya.com/colleges/nishtar-medical-college-multan-merit-lists.aspx
117,BS Human Nutrition and Dietetics,Available upon contact,,https://en.wikipedia.org/wiki/Nishtar_Medical_University
117,BS Optometry,Available upon contact,,https://mbbs.org.pk/nishtar-medical-college-multan-admission/
117,MBBS,94.15%-95.16% (2025-26 UHS/independent cycles),65,https://mdcatprep.com/merit-calculator
118,BBA (Hons) / BBA-IT / English / Mathematics,Available upon contact,,https://www.result.pk/colleges/northern-university.html
118,BS Civil Engineering,Available upon contact,,https://www.admission.pk/universities/universities_display.aspx?university=nu
118,BS Computer Science / Software Engineering / Telecommunication / Computer Engineering,Available upon contact,,https://www.ilmkidunya.com/colleges/northern-university---nowshera.aspx
119,BS Artificial Intelligence,Available upon contact,60,https://www.paf-iast.edu.pk/
119,BS Computer Science,Available upon contact,60,https://www.paf-iast.edu.pk/
119,BS Computer Science (Game Development),Available upon contact,60,https://www.paf-iast.edu.pk/
119,BS Electrical Engineering,Available upon contact,60,https://www.paf-iast.edu.pk/
120,BS Chemical Engineering,Available upon contact,60,https://admissionscorner.com/pakistan-institute-of-engineering-and-applied-sciences-pieas-admissions/
120,BS Computer & Information Sciences,Available upon contact,60,https://admissions.pieas.edu.pk/Admissions/Contents/Information%20leaflet%20BS-Programs-Updated_02012026.pdf
120,BS Electrical Engineering / Mechanical Engineering,Available upon contact,60,https://pmdc.org.pk/pakistan-institute-engineering-applied-sciences-pieas-admission-guide/
120,BS Physics / Metallurgy & Materials Engineering,Available upon contact,60,https://admissions.pieas.edu.pk/Admissions/Contents/Information%20leaflet%20BS-Programs-Updated_02012026.pdf
121,Bachelor of Fashion Design,Available upon contact,50,https://www.pifd.edu.pk/admission.html
121,Bachelor of Fashion Marketing and Promotions,Available upon contact,50,https://en.wikipedia.org/wiki/Pakistan_Institute_of_Fashion_and_Design
121,Bachelor of Furniture Design and Manufacturing / Leather Accessories and Footwear,Available upon contact,50,https://en.wikipedia.org/wiki/Pakistan_Institute_of_Fashion_and_Design
121,Bachelor of Gems and Jewelry Design,Available upon contact,50,https://en.wikipedia.org/wiki/Pakistan_Institute_of_Fashion_and_Design
121,Bachelor of Textile Design,Available upon contact,50,https://en.wikipedia.org/wiki/Pakistan_Institute_of_Fashion_and_Design
122,BS Anesthesia Technology,Available upon contact,,http://myu.edu.pk/
122,BS Artificial Intelligence,Available upon contact,,http://myu.edu.pk/
122,BS Cardiac Care Technology,Available upon contact,,http://myu.edu.pk/
122,BS Civil Engineering,Available upon contact,,http://myu.edu.pk/
122,BS Computer Science,Available upon contact,,http://myu.edu.pk/
122,BS Cyber Security,Available upon contact,,http://myu.edu.pk/
122,BS Dental Technology,Available upon contact,,http://myu.edu.pk/
122,BS Economics,Available upon contact,,http://myu.edu.pk/
122,BS Electrical Engineering,Available upon contact,,http://myu.edu.pk/
122,BS Emergency Technology,Available upon contact,,http://myu.edu.pk/
122,BS English,Available upon contact,,http://myu.edu.pk/
122,BS Gynecological Care Technology,Available upon contact,,http://myu.edu.pk/
122,BS Human Nutrition & Dietetics,Available upon contact,,http://myu.edu.pk/
122,BS International Relations,Available upon contact,,http://myu.edu.pk/
122,BS Optometry,Available upon contact,,http://myu.edu.pk/
122,BS Psychology,Available upon contact,,http://myu.edu.pk/
122,BS Radiography and Imaging Technology,Available upon contact,,http://myu.edu.pk/
122,BS Software Engineering,Available upon contact,,http://myu.edu.pk/
122,BS Surgical Technology,Available upon contact,,http://myu.edu.pk/
122,BSCS (2 Years Bridge Program),Available upon contact,,http://myu.edu.pk/
123,BS Nursing,Available upon contact,,http://www.pumhs.edu.pk
123,MBBS,Available upon contact,,http://www.pumhs.edu.pk
123,PHARM-D,Available upon contact,,http://www.pumhs.edu.pk
124,BS Nursing (Generic) / Human Nutrition and Dietetics,Available upon contact,,https://www.ilmkidunya.com/colleges/pir-abdul-qadir-shah-jeelani-institute-of-medical-sciences-gambat.aspx
124,BS Pathology Laboratory / Radiology / Surgical Technology / Dialysis Technology / Anesthesia Technology,Available upon contact,,https://www.ilmkidunya.com/colleges/pir-abdul-qadir-shah-jeelani-institute-of-medical-sciences-gambat.aspx
124,MBBS,Available upon contact,,https://gims.edu.pk/
125,BBA (Hons),Available upon contact,50,https://www.ilmkidunya.com/colleges/pir-mehar-ali-shah-university-of-arid-agriculture-uaar-rawalpindi.aspx
125,BS Data Analytics,"~56.9-58.9 (Fall 2025 official merit list score range, actual selected candidates)",60,https://admissions.uaar.edu.pk/admissions/meritlists/7FR-rzhjgbHRyKsw.pdf
125,BS Environmental Sciences,Available upon contact,60,https://admissions.uaar.edu.pk/admissions/meritlists/7sdEyYP-MnMEaaB7.pdf
125,BSc (Hons) Agriculture,Available upon contact,,https://www.ilmkidunya.com/colleges/pir-mehar-ali-shah-university-of-arid-agriculture-uaar-rawalpindi.aspx
125,BSc (Hons) Human Nutrition and Dietetics,Available upon contact,60,https://www.result.pk/colleges/pir-mehr-ali-shah-arid-agriculture-university-rawalpindi-merit-list.html
126,BBA,Available upon contact,50,https://jaamiah.com/university/preston-university-peshawar/
126,BS Computer Science (BSCS),Available upon contact,50,https://jaamiah.com/university/preston-university-peshawar/
126,BS Economics / Psychology / Mathematics / Physics / Chemistry / Biology / International Relations,Available upon contact,50,https://preston.edu.pk/courses.php
127,BBA,Available upon contact,,https://www.ilmkidunya.com/colleges/preston-university-karachi.aspx
127,BS Computer Science (BSCS),Available upon contact,50,https://preston.edu.pk/admission_eligibility.php
128,BSc Electrical Engineering Technology,Available upon contact,50,https://admissionscorner.com/punjab-tianjin-university-of-technology-ptut-admissions/
128,BSc Mechanical Engineering Technology,Available upon contact,50,https://www.learningall.com/punjab-tianjin-university-of-technology-lahore-admission/
128,Bachelor in Fashion Design,Available upon contact,50,https://www.learningall.com/punjab-tianjin-university-of-technology-lahore-admission/
129,BBA / Engineering / Education / Pharmacy / Medical and Health Sciences,Available upon contact,,https://alluniversities.pk/listing/qalandar-shahbaz-university-of-modern-sciences/
129,BS Computer Science,Available upon contact,,https://alluniversities.pk/listing/qalandar-shahbaz-university-of-modern-sciences/
130,Bachelor of Eastern Medicine System,Available upon contact,,http://www.qu.edu.pk/
131,BE Civil Engineering / Software Engineering / Computer Systems Engineering,Available upon contact,,https://www.quest.edu.pk/static/pdfs/admission_advertisement_25_batch.pdf
131,BS Computer Science,Available upon contact,,"https://www.ilmkidunya.com/admissions/Admission-Open-in-Quaid-e-Awam-Univeristy-of-Engineering-Sciences-and-Technology(quest),-Nawabshah-23220"
131,BS Information Technology,Available upon contact,,"https://www.ilmkidunya.com/admissions/Admission-Open-in-Quaid-e-Awam-Univeristy-of-Engineering-Sciences-and-Technology(quest),-Nawabshah-23220"
131,BS Physics / Mathematics and Statistics,Available upon contact,,"https://www.ilmkidunya.com/admissions/Admission-Open-in-Quaid-e-Awam-Univeristy-of-Engineering-Sciences-and-Technology(quest),-Nawabshah-23220"
132,BS Computer Science,Available upon contact,50,https://qau.edu.pk/
132,BS Economics,Available upon contact,50,https://qau.edu.pk/
132,BS International Relations,Available upon contact,50,https://qau.edu.pk/
132,BS Physics,Available upon contact,50,https://qau.edu.pk/
132,Pharm-D,Available upon contact,60,https://qau.edu.pk/
133,BBA,Available upon contact,60,https://en.wikipedia.org/wiki/Qurtuba_University
133,BS Electrical Engineering,Available upon contact,60,https://en.wikipedia.org/wiki/Qurtuba_University
133,Bachelor of Computer Science,Available upon contact,60,https://ilm.ilm.com.pk/admissions/universities/qurtuba-university-admission-form-advertisement-last-date/
133,LLB,Available upon contact,60,https://en.wikipedia.org/wiki/Qurtuba_University
133,Pharm-D,Available upon contact,60,https://en.wikipedia.org/wiki/Qurtuba_University
134,BS Computer Science,Available upon contact,,https://www.facebook.com/rlku.edu.pk/
134,BS Human Nutrition and Dietetics / Allied Health Sciences,Available upon contact,45,https://rlku.edu.pk/
134,BS Nursing,Available upon contact,45,https://www.result.pk/educom/rlku-rashid-latif-khan-university-lahore-admissions-2023-37974.htm
134,DPT (Physical Therapy),Available upon contact,45,https://rlku.edu.pk/
135,BDS,Available upon contact,65,https://pmdc.org.pk/rawalpindi-medical-university-rmu-admission-guide/
135,BS Medical Laboratory Technology (MLT),Available upon contact,,https://pmdc.org.pk/rawalpindi-medical-university-rmu-admission-guide/
135,BS Nursing,Available upon contact,,https://pmdc.org.pk/rawalpindi-medical-university-rmu-admission-guide/
135,MBBS,93.93% (2025-26 UHS final open-merit list),65,https://premeth.com/calculator
136,BS Artificial Intelligence / BS Software Engineering / BS Media & Communication Studies / BS Game Design & Production / Pharm-D / BS Medical Lab Technology (varies by campus),Available upon contact,45,https://riphah.edu.pk/admissions/
137,BS Biotechnology / Human Nutrition & Dietetics / Speech & Language Pathology,Available upon contact,60,https://campusguru.pk/en/university/faisalabad/riphah-international-universityfaisalabad-campus
137,BS Computer Science / Cyber Security / Data Science / Software Engineering / Information Technology,Available upon contact,60,https://jaamiah.com/university/riphah-university-faisalabad-campus/
138,"BS (general programs, near Gujranwala Medical College)",Available upon contact,,https://riphahgrw.edu.pk/faq
139,BS Artificial Intelligence,Available upon contact,50,https://riphahsahiwal.edu.pk/
139,BS Software Engineering,Available upon contact,50,https://scholarbee.pk/programs/bs-software-engineering/sahiwal/riphah-international-university-riphah-international-university-sahiwal-sahiwal
139,Doctor of Pharmacy (Pharm-D),Available upon contact,50,https://riphahsahiwal.edu.pk/
140,BE Biomedical Engineering,Available upon contact,60,https://www.shu.edu.pk/faqs/
140,BS Biosciences / BBA / BS Accounting and Finance,Available upon contact,45,https://www.shu.edu.pk/faqs/
140,BS Computer Science,Available upon contact,50,https://www.shu.edu.pk/faqs/
140,Doctor of Pharmacy (Pharm-D),Available upon contact,60,https://www.shu.edu.pk/faqs/
141,"BS (general, most departments)",Available upon contact,50,https://quettavoice.com/2026/07/15/quetta-balochistan-universities-admission-guide-uob-buitems-sbkwu-merit-lists-fees-and-scholarships/
141,DPT (5 Years),Available upon contact,50,https://quettavoice.com/2026/07/15/quetta-balochistan-universities-admission-guide-uob-buitems-sbkwu-merit-lists-fees-and-scholarships/
141,Pharm-D (5 Years),Available upon contact,50,https://quettavoice.com/2026/07/15/quetta-balochistan-universities-admission-guide-uob-buitems-sbkwu-merit-lists-fees-and-scholarships/
142,BBA,Available upon contact,60,https://pmdc.org.pk/sarhad-university-of-science-and-information-technology-suit-admission-guide/
142,BE Civil Technology,Available upon contact,60,https://www.result.pk/colleges/sarhad-university-of-science-and-information-technology-peshawar-admission.html
142,BS Artificial Intelligence,Available upon contact,60,https://pmdc.org.pk/sarhad-university-of-science-and-information-technology-suit-admission-guide/
142,BS Dental Technology,Available upon contact,60,https://www.result.pk/colleges/sarhad-university-of-science-and-information-technology-peshawar-admission.html
142,DPT (Doctor of Physiotherapy),Available upon contact,60,https://www.result.pk/colleges/sarhad-university-of-science-and-information-technology-peshawar-admission.html
143,BBA,Available upon contact,50,http://www.salu.edu.pk/newsdetail.aspx?id=R04tMTEyNC0xMQ%3D%3D
143,BSc (Hons) Archaeology,Available upon contact,50,https://www.eduvision.edu.pk/admissions/shah-abdul-latif-university-khair-pur-admissions-bachelor-level-32
143,BSc (Hons) Botany / Chemistry / Microbiology / Mathematics / Statistics,Available upon contact,50,https://www.mauqapakistan.com/2026/06/shah-abdul-latif-university-salu-admissions-2026-programs-eligibility-entry-test-fee-and-how-to-apply.html
143,LLB,Available upon contact,50,https://www.mauqapakistan.com/2026/06/shah-abdul-latif-university-salu-admissions-2026-programs-eligibility-entry-test-fee-and-how-to-apply.html
144,BS (Hons) Fine Arts,Available upon contact,,https://admissions.sabsu.edu.pk/admission-policy/
144,BS Architecture and Planning / B.Arch (5 Years),Available upon contact,,https://admissionscorner.com/shaheed-allah-buksh-soomro-university-jamshoro-bs-admissions-fall/
144,BS Textile Design / Communication Design / Fashion Design / Interior Design,Available upon contact,,https://sabsu.edu.pk/admissions/
145,B.Ed / Fashion Designing,Available upon contact,50,https://jaamiah.com/university/shaheed-benazir-bhutto-city-university-khi/
145,BBA / B.Com,Available upon contact,50,https://jaamiah.com/university/shaheed-benazir-bhutto-city-university-khi/
145,BS Computer Science,Available upon contact,50,https://jaamiah.com/university/shaheed-benazir-bhutto-city-university-khi/
145,Electrical Technology / Electronic Technology,Available upon contact,50,https://jaamiah.com/university/shaheed-benazir-bhutto-city-university-khi/
146,B.Ed,Available upon contact,50,https://en.wikipedia.org/wiki/Shaheed_Benazir_Bhutto_Dewan_University
146,BBA,Available upon contact,50,https://www.ilmkidunya.com/colleges/shaheed-benazir-bhutto-dewan-university-karachi-admission.aspx
146,BS Computer Science (BSCS),Available upon contact,50,https://www.ilmkidunya.com/colleges/shaheed-benazir-bhutto-dewan-university-karachi-admission.aspx
146,DPT (Doctor of Physical Therapy),Available upon contact,,https://en.wikipedia.org/wiki/Shaheed_Benazir_Bhutto_Dewan_University
146,Pharm-D,Available upon contact,,https://en.wikipedia.org/wiki/Shaheed_Benazir_Bhutto_Dewan_University
147,BS Computer Science,Available upon contact,45,https://www.sbbwu.edu.pk/
147,BS English,Available upon contact,45,https://www.sbbwu.edu.pk/
147,BS Psychology,Available upon contact,45,https://www.sbbwu.edu.pk/
147,BS Software Engineering,Available upon contact,45,https://www.sbbwu.edu.pk/
148,BBA / BABS,85-90%+ typically needed for merit scholarship,50,https://szabist.edu.pk/admission-requirements/
148,BS Artificial Intelligence / Autonomous Systems and AI,Available upon contact,50,https://szabist.edu.pk/admission-requirements/
148,BS Computer Science / Software Engineering,Available upon contact,50,https://szabist.edu.pk/admission-requirements/
148,BS Psychology / Sociology / International Relations / Economics with Data Science,Available upon contact,45,https://szabist-isb.edu.pk/wp-content/uploads/Noticeboard/AdmissionNotification.pdf
149,BDS,Available upon contact,60,http://www.szabmu.edu.pk/admission/mbbs-admission
149,BS Medical Biotechnology / BS Dental Technology,Available upon contact,50,https://www.result.pk/colleges/shaheed-zulfiqar-ali-bhutto-medical-university-islamabad-merit-list.html
149,DPT (Doctor of Physical Therapy),Available upon contact,50,https://www.result.pk/colleges/shaheed-zulfiqar-ali-bhutto-medical-university-islamabad-merit-list.html
149,MBBS,Available upon contact (multiple sequential merit lists issued through the cycle),60,http://www.szabmu.edu.pk/admission/mbbs-admission
150,BS Computer Science,Available upon contact,,https://saus.edu.pk/
151,BDS,Available upon contact,,https://stmu.edu.pk/admissions/eligibility-criteria/
151,BS Computer Science,Available upon contact,,https://pmdc.org.pk/shifa-international-hospital-shifa-admission-guide/
151,DPT (Doctor of Physical Therapy),Available upon contact,50,https://pmdc.org.pk/shifa-international-hospital-shifa-admission-guide/
151,MBBS (Shifa College of Medicine),Available upon contact,,https://stmu.edu.pk/admissions/eligibility-criteria/
151,Pharm-D / BS Medical Laboratory Technology / Generic BSN Nursing,Available upon contact,50,https://stmu.edu.pk/admissions/eligibility-criteria/
152,BE Agricultural Engineering,Available upon contact,60,https://sau.edu.pk/wp-content/uploads/2024/08/Admission-Policy-2024-25-Final-Edit.pdf
152,BS Agro-Industrial Technology,Available upon contact,50,https://sau.edu.pk/wp-content/uploads/2025/11/Admission-Policy.pdf
152,BS Animal Husbandry & Veterinary Sciences,Available upon contact,50,https://educated.pk/sindh-agriculture-university-tandojam-admission/
152,BS Crop Production / Crop Protection,Available upon contact,50,https://sau.edu.pk/wp-content/uploads/2025/11/Admission-Policy.pdf
152,BS Food Science & Technology,Available upon contact,50,https://educated.pk/sindh-agriculture-university-tandojam-admission/
152,BS Food Science and Technology,Available upon contact,50,https://sau.edu.pk/admissions.php
152,BS Information Technology,Available upon contact,50,https://educated.pk/sindh-agriculture-university-tandojam-admission/
152,BSc (Hons) Agriculture,Available upon contact,50,https://sau.edu.pk/wp-content/uploads/2025/11/Admission-Policy.pdf
153,BBA / B.Ed / English Linguistics & Literature / Media Studies / Sociology / Social Sciences,Available upon contact,,https://www.ilmkidunya.com/admissions/Admission-Open-in-Sindh-Madressatul-Islam-University-22256.aspx
153,BS Accounting and Finance / Commerce / Banking & Finance / Economics,Available upon contact,,https://www.ilmkidunya.com/admissions/Admission-Open-in-Sindh-Madressatul-Islam-University-22256.aspx
153,BS Artificial Intelligence / Data Science / Cyber Security,Available upon contact,50,https://www.ilmkidunya.com/admissions/Admission-Open-in-Sindh-Madressatul-Islam-University-22256.aspx
153,BS Climate Change / Environmental Science / Food Science & Technology,Available upon contact,,https://www.ilmkidunya.com/admissions/Admission-Open-in-Sindh-Madressatul-Islam-University-22256.aspx
153,BS Computer Science / Software Engineering,Available upon contact,50,https://www.ilmkidunya.com/colleges/sindh-madressatul-islam-university-karachi-admission.aspx
154,BBA,Available upon contact,50,https://www.ilmkidunya.com/colleges/sir-syed-university-of-engineering-and-technology-karachi-merit-lists.aspx
154,BS Biomedical Engineering,Available upon contact,50,https://www.ilmkidunya.com/admissions/admission-open-in-sir-syed-university-of-engieering-and-technology-23525.aspx
154,BS Civil Engineering,Available upon contact,50,https://www.mauqapakistan.com/2026/05/sir-syed-university-of-engineering-and-technology-admission-2026-last-date-entry-test-pattern-and-how-to-apply.html
154,BS Computer Science,Available upon contact,50,https://www.mauqapakistan.com/2026/05/sir-syed-university-of-engineering-and-technology-admission-2026-last-date-entry-test-pattern-and-how-to-apply.html
154,BS Electronics Engineering,Available upon contact,50,https://www.mauqapakistan.com/2026/05/sir-syed-university-of-engineering-and-technology-admission-2026-last-date-entry-test-pattern-and-how-to-apply.html
155,BS Geology,Available upon contact,,https://www.ilmkidunya.com/colleges/sohail-university-admission.aspx
155,BS Nursing (Generic BSN),Available upon contact,,https://sohailuniversity.edu.pk/bsng/
155,DPT (Doctor of Physical Therapy),Available upon contact,,https://www.ilmkidunya.com/colleges/sohail-university.aspx
156,BBA,Available upon contact,,https://www.iba-suk.edu.pk/
156,BBA (Agri-Business),Available upon contact,,http://www.iba-suk.edu.pk
156,BS (ACCOUNTING & FINANCE),Available upon contact,,http://www.iba-suk.edu.pk
156,BS (Computer Science),Available upon contact,,http://www.iba-suk.edu.pk
156,BS (Mathematics),Available upon contact,,http://www.iba-suk.edu.pk
156,BS (Media & Communication),Available upon contact,,http://www.iba-suk.edu.pk
156,BS (Software Engineering),Available upon contact,,http://www.iba-suk.edu.pk
156,BS Agribusiness,Available upon contact,,https://www.iba-suk.edu.pk/
156,BS Artificial Intelligence,Available upon contact,,https://www.iba-suk.edu.pk/
156,BS Computer Science,Available upon contact (relatively competitive),,https://www.iba-suk.edu.pk/
156,Bachelor of Business Administration,Available upon contact,,http://www.iba-suk.edu.pk
157,BBA (Hons.),Available upon contact,,http://www.superior.edu.pk/
157,BDS (Azra Naheed Dental College),Available upon contact,,http://www.superior.edu.pk/
157,BS Aviation Management,Available upon contact,,http://www.superior.edu.pk/
157,BS Culinary Arts Management,Available upon contact,,http://www.superior.edu.pk/
157,BS Engineering (Electrical/Civil/Mechanical),Available upon contact,60,https://admissionpk.com/superior-university-lahore-admissions/
157,BS Nursing (Generic),Available upon contact,,https://www.pakadmissions.com/superior-university-lahore-bsn-admissions-2026
157,Bachelor of Eastern Medicine & Surgery,Available upon contact,,http://www.superior.edu.pk/
157,MBBS (Azra Naheed Medical College),Available upon contact,,http://www.superior.edu.pk/
158,BBA Apparel Manufacturing & Merchandising,Available upon contact,45,https://tip.edu.pk/admission-criteria/
158,BBA Fashion Design Management,Available upon contact,45,https://tip.edu.pk/admission-criteria/
158,BBA Textile Management & Marketing,Available upon contact,45,https://tip.edu.pk/admission-criteria/
158,BS Textile Design Technology,Available upon contact,45,https://tip.edu.pk/admission-criteria/
158,BS Textile Science,Available upon contact,45,https://tip.edu.pk/admission-criteria/
159,BBA,Available upon contact,,https://gotest.com.pk/admissions/thal-university-bhakkar-admission/
159,BS Computer Science,Available upon contact,,https://resultlinks.com.pk/thal-university-bhakkar-merit-list/
159,BS English,Available upon contact,,https://admissions.tu.edu.pk/meritLists.php
159,BS Natural Sciences / Health & Physical Sciences,Available upon contact,,https://resultlinks.com.pk/thal-university-bhakkar-merit-list/
159,BS Sociology / International Relations,Available upon contact,,https://resultlinks.com.pk/thal-university-bhakkar-merit-list/
160,BBA,Available upon contact,40,https://pmdc.org.pk/the-islamia-university-of-bahawalpur-iub-sialkot-admission-guide/
160,BS Computer Science (Sialkot Campus),Available upon contact,40,https://pmdc.org.pk/the-islamia-university-of-bahawalpur-iub-sialkot-admission-guide/
160,BS Economics,Available upon contact,40,https://pmdc.org.pk/the-islamia-university-of-bahawalpur-iub-sialkot-admission-guide/
160,BS Information Technology,Available upon contact,40,https://pmdc.org.pk/the-islamia-university-of-bahawalpur-iub-sialkot-admission-guide/
161,BS Computer Science,Available upon contact,45,https://jaamiah.com/university/times-institute-multan/
161,BS Medical Laboratory Technology,Available upon contact,50,https://jaamiah.com/university/times-institute-multan/
161,DPT,Available upon contact,60,https://admissionscorner.com/times-institute-multan-admissions-fall/
161,LLB,Available upon contact,45,https://jaamiah.com/university/times-institute-multan/
161,Pharm-D,Available upon contact,60,https://jaamiah.com/university/times-institute-multan/
162,BS Computer Science / Artificial Intelligence,Available upon contact,50,https://jaamiah.com/university/university-of-agriculture-dik/
162,BS Zoology,Available upon contact,50,https://taleeminfo.pk/admissions-in-degree-programs-in-university-of-agriculture-dera-ismail-khan
162,BSc (Hons) Agriculture / Veterinary and Animal Sciences / Forestry,Available upon contact,50,https://jaamiah.com/university/university-of-agriculture-dik/
163,BS Agricultural Engineering,Available upon contact,50,https://pmdc.org.pk/university-of-agriculture-faisalabad-uaf-admission-guide/
163,BS Botany / BS Zoology,Available upon contact,50,https://ilmiworld.com/uaf-admissions-2026-27-undergraduate-postgraduate
163,BS Computer Science,Available upon contact,50,https://ilmiworld.com/uaf-admissions-2026-27-undergraduate-postgraduate
163,BS Environmental Sciences,Available upon contact,50,https://pmdc.org.pk/university-of-agriculture-faisalabad-uaf-admission-guide/
163,BS Food Science & Technology,Available upon contact,50,https://pmdc.org.pk/university-of-agriculture-faisalabad-uaf-admission-guide/
163,BSc (Hons) Agriculture,Available upon contact,50,https://ilmiworld.com/uaf-admissions-2026-27-undergraduate-postgraduate
164,BS Craft and Trade Programs (various),Available upon contact,55,https://uac.edu.pk/official/regulations/
164,BS Fine Arts / Design / Architecture / Theatre / Film Studies,Available upon contact,55,https://jaamiah.com/university/university-of-art-and-culture-jamshoro/
165,BBA (4-Year),Available upon contact,45,https://ajku.edu.pk/eligibility-criteria/
165,BS Computer Science / BS AI / BS Cyber Security,Available upon contact,50,https://ajku.edu.pk/eligibility-criteria/
165,BSc Electrical Engineering,Available upon contact,60,https://umis.ajku.edu.pk/admissions/downloads/eligibilty_criteria.pdf
165,BSc Software Engineering,Available upon contact,60,https://umis.ajku.edu.pk/admissions/downloads/eligibilty_criteria.pdf
165,DPT,Available upon contact,60,https://ajku.edu.pk/eligibility-criteria/
165,LLB,Available upon contact,45,https://ajku.edu.pk/eligibility-criteria/
166,"BS (general, most departments)",Available upon contact,45,http://www.admission.pk/universities/universities_display.aspx?university=ub
166,BS Commerce (self-finance),Available upon contact,,http://cms.uob.edu.pk/ugso/admission.html
166,LLB (5 Years),Available upon contact,,http://cms.uob.edu.pk/ugso/downloads/admissin-2025.pdf
167,BBA – Post ADP (Business Administration Background),Available upon contact,,http://www.ucp.edu.pk/
167,BBA – Post ADP (Non-Business Administration Graduates),Available upon contact,,http://www.ucp.edu.pk/
167,BS Accounting and Finance - Post ADP,Available upon contact,,http://www.ucp.edu.pk/
167,BS Artificial Intelligence,Available upon contact,,http://www.ucp.edu.pk/
167,BS Audit And Taxation,Available upon contact,,http://www.ucp.edu.pk/
167,BS Biochemistry,Available upon contact,,http://www.ucp.edu.pk/
167,BS Biotechnology,Available upon contact,,http://www.ucp.edu.pk/
167,BS Business Analytics,Available upon contact,,http://www.ucp.edu.pk/
167,BS Chemistry,Available upon contact,,http://www.ucp.edu.pk/
167,BS Chemistry - Post ADP,Available upon contact,,http://www.ucp.edu.pk/
167,BS Computer Science - Post ADP,Available upon contact,,http://www.ucp.edu.pk/
167,BS Data Science,Available upon contact,,http://www.ucp.edu.pk/
167,BS Economics,Available upon contact,,http://www.ucp.edu.pk/
167,BS English Language and Literature,Available upon contact,,http://www.ucp.edu.pk/
167,BS Food Science and Technology,Available upon contact,,http://www.ucp.edu.pk/
167,BS Human Nutrition and Dietetics,Available upon contact,,http://www.ucp.edu.pk/
167,BS International Relations,Available upon contact,,http://www.ucp.edu.pk/
167,BS Mathematics,Available upon contact,,http://www.ucp.edu.pk/
167,BS Media and Communication Studies,Available upon contact,,http://www.ucp.edu.pk/
167,BS Medical Laboratory Technology,Available upon contact,,http://www.ucp.edu.pk/
167,BS Microbiology,Available upon contact,,http://www.ucp.edu.pk/
167,BS Physics,Available upon contact,,http://www.ucp.edu.pk/
167,BS Political Science,Available upon contact,,http://www.ucp.edu.pk/
167,BS Psychology,Available upon contact,,http://www.ucp.edu.pk/
167,BS Real Estate Management,Available upon contact,,http://www.ucp.edu.pk/
167,BS Robotics & Intelligent Systems,Available upon contact,,http://www.ucp.edu.pk/
167,BS Zoology,Available upon contact,,http://www.ucp.edu.pk/
167,Bachelor of Business Administration,Available upon contact,,http://www.ucp.edu.pk/
167,Bachelor of Science in Accounting & Finance,Available upon contact,,http://www.ucp.edu.pk/
168,BA Humanities / Business Management / Social Sciences,Available upon contact,45,https://educated.pk/university-of-chakwal-merit-list/
168,BS Computer Science / Information Technology,Available upon contact,50,https://educated.pk/university-of-chakwal-merit-list/
168,BS Mathematics,Available upon contact,30,https://www.learningall.com/university-of-chakwal-admission-merit-list/
168,"Engineering Programs (Petroleum & Gas, Mechatronics, etc.)",Available upon contact,50,https://educated.pk/university-of-chakwal-merit-list/
168,LLB (5 Years),Available upon contact,50,https://www.learningall.com/university-of-chakwal-admission-merit-list/
168,Pharm-D,Available upon contact,50,https://www.result.pk/colleges/university-of-chakwal-merit-list.html
169,BSc (Hons) Human Nutrition & Dietetics / Anesthesia Technology / Neurophysiology / Clinical Psychology / Cardiac Perfusion Sciences,Available upon contact,,https://chich.edu.pk/admissions
169,DPT (Doctor of Physical Therapy),Available upon contact,,https://hafizhelperseries.com/children-hospital-lahore-admissions/
170,BS Botany / Zoology,Available upon contact,50,https://jaamiah.com/university/university-of-chitral/
170,BS Computer Science,Available upon contact,50,https://jaamiah.com/university/university-of-chitral/
170,BS Economics,Available upon contact,50,https://jaamiah.com/university/university-of-chitral/
170,BS English Literature,Available upon contact,50,https://jaamiah.com/university/university-of-chitral/
170,BS Tourism & Hotel Management,Available upon contact,50,https://campusguru.pk/en/university/chitral/university-of-chitral-chitral-main-campus
171,"BS (general - newly established university, limited program data publicly available)",Available upon contact,,https://en.wikipedia.org/wiki/University_of_Dir
172,B.Ed (Hons),Available upon contact,45,https://www.vstudents.org/education/university-of-education-admissions/
172,BBA (Hons),Available upon contact,45,https://www.vstudents.org/education/university-of-education-admissions/
172,BS (Hons) Botany / Chemistry / Physics / Mathematics,Available upon contact (relatively lower merit than most Lahore universities),45,https://fpsc.pk/merit-list/university-of-education-merit-list/
172,BS Information Technology,Available upon contact,45,https://www.vstudents.org/education/university-of-education-admissions/
173,BS Civil Engineering,Available upon contact,60,https://ueas.edu.pk/
173,BS Computer Science,Available upon contact,50,https://ueas.edu.pk/
173,BS Electrical Engineering,Available upon contact,60,https://ueas.edu.pk/
173,BS Environmental Sciences,Available upon contact,45,https://ueas.edu.pk/
174,BS Computer Science,"~84.5%+ (main campus, recent cycles - highest closing program)",,https://freetoolforge.org/tools/calculators/uet-merit-calculator
174,BSc Civil Engineering,~75% (2026 estimate),,https://campusaxis.pk/uet-lahore-merit-calculator
174,BSc Electrical Engineering,"~75-82% (main campus, recent cycles)",,https://maqsad.io/uet-aggregate-calculator
174,BSc Mechanical Engineering,"~75-82% (main campus, recent cycles)",,https://maqsad.io/uet-aggregate-calculator
175,BS Civil Engineering,~70% (2026 min cutoff),60,https://campusaxis.pk/merit-calculator/uet-taxila
175,BS Computer Science,Available upon contact,50,https://admissions.uettaxila.edu.pk/Basic_Science_Admissions/
175,BS Electrical Engineering,~70%+ (typical successful aggregate),60,https://blog.maqsad.io/blog/uet-taxila-guide
175,BS Mathematics / BS Physics,Available upon contact,50,https://campusaxis.pk/merit-calculator/uet-taxila
176,BBA,Available upon contact,50,https://www.ilmkidunya.com/colleges/university-of-gujrat-hafiz-hayat-campus-admission.aspx
176,"BS (general, most departments)","Available upon contact - varies significantly by campus (Hafiz Hayat, Marghzar, Mandi Bahauddin)",45,https://cgpacalculatoronline.net/uog-merit-calculator/
176,BS Computer Science,Available upon contact,50,https://www.ilmkidunya.com/colleges/university-of-gujrat-hafiz-hayat-campus-admission.aspx
177,BS Computer Science,Available upon contact,,https://www.uoh.edu.pk/
177,BS Economics,Available upon contact,,https://www.uoh.edu.pk/
177,BS Environmental Sciences,Available upon contact,,https://www.uoh.edu.pk/
178,BDS (public sector Punjab),"~93.5% (recent cycle, top college)",60,https://www.thenews.com.pk/print/553006-first-merit-list-of-mbbs-bds-admission
178,"MBBS (Allama Iqbal Medical College, Lahore)",92.64% (recent cycle),60,https://www.thenews.com.pk/print/1023125-uhs-issues-first-merit-list-for-mbbs-admission
178,MBBS (D.G. Khan Medical College),"91.20% (recent cycle, lower-end of Punjab public colleges)",60,https://www.paklearningspot.com/2021/12/uhs-closing-merit-for-mbbs-bds-seats-in.html
178,"MBBS (King Edward Medical College, Lahore)","93.55% (recent cycle, highest in Punjab)",60,https://www.thenews.com.pk/print/1023125-uhs-issues-first-merit-list-for-mbbs-admission
178,MBBS (Rawalpindi Medical College),93.23% (recent cycle),60,https://www.thenews.com.pk/print/1023125-uhs-issues-first-merit-list-for-mbbs-admission
179,"B.Ed (Hons, 4-Year)",Available upon contact,45,https://admissions.com.pk/university-of-jhang-admission/
179,BBA,Available upon contact,50,https://educated.pk/university-of-jhang-merit-list/
179,BFA Craft & Textile,Available upon contact,50,https://papersjobs.com/the-university-of-jhang-admission/
179,BS Computer Science,Available upon contact,50,https://papersjobs.com/the-university-of-jhang-admission/
179,BS English / Information Technology,Available upon contact,50,https://www.uoj.edu.pk/content/merit-lists/index.html
180,BS Biochemistry,"69.27% (2024, Category K)",45,https://www.uok.edu.pk/admissions/2024/ombsiyclos.pdf
180,BS Chemistry,"60.00% (2024, Category K)",45,https://www.uok.edu.pk/admissions/2024/ombsiyclos.pdf
180,BS Computer Science,"67.00% (2024, Category K)",45,https://www.uok.edu.pk/admissions/ily/ilyclos.pdf
180,BS Economics & Finance,"68.09% (2024, Category K)",45,https://www.uok.edu.pk/admissions/2024/ombsiyclos.pdf
180,BS International Relations,Available upon contact,45,https://pmdc.org.pk/university-of-karachi-uok-admission-guide/
180,BS Mass Communication (Digital Media Marketing),"72.64% (2024, Category K)",45,https://www.uok.edu.pk/admissions/2024/ombsiyclos.pdf
180,Karachi University Business School (BBA),"50.00%-51.31% (2024, various categories)",51,https://www.uok.edu.pk/admissions/ily/ilyclos.pdf
181,BBA,Available upon contact,40,https://blog.maqsad.io/blog/university-of-lahore-admission
181,BS Accounting & Finance,Available upon contact,40,https://blog.maqsad.io/blog/university-of-lahore-admission
181,BS Civil Engineering,Available upon contact,50,https://pmdc.org.pk/university-of-lahore-uol-admission-guide/
181,BS Computer Science,Available upon contact,50,https://campusaxis.pk/uol-merit-calculator
181,BS Electrical Engineering,Available upon contact,50,https://pmdc.org.pk/university-of-lahore-uol-admission-guide/
181,BS Software Engineering,Available upon contact,50,https://pmdc.org.pk/university-of-lahore-uol-admission-guide/
182,BBA / BS Commerce / BS Public Administration / BS English,Available upon contact,,https://www.ilmkidunya.com/colleges/university-of-larkano.aspx
182,BS Computer Science / Artificial Intelligence / Software Engineering,Available upon contact,,https://uolrk.edu.pk/admission/
182,BSc (Hons) Agriculture (Agronomy/Soil Science/Horticulture/Entomology etc.),Available upon contact,,https://en.wikipedia.org/wiki/University_of_Larkano
182,Bachelor's in Civil / Mechanical / Electrical / Electronics Engineering,Available upon contact,,https://en.wikipedia.org/wiki/University_of_Larkano
183,B.Ed (Hons),~65% (reported typical undergraduate closing merit),,https://www.ilmkidunya.com/colleges/university-of-loralai.aspx
183,BBA,~65% (reported typical undergraduate closing merit),,https://www.diltak.com/university-loralai-admission-fee-structure-programs-merit-list/
183,BS Computer Science,~65% (reported typical undergraduate closing merit),,https://www.diltak.com/university-loralai-admission-fee-structure-programs-merit-list/
183,"DPT (Doctor of Physical Therapy, 5 years)",Available upon contact,,https://uoli.edu.pk/admission/
184,BS Biotechnology,Available upon contact,,https://www.uom.edu.pk/
184,BS Computer Science,Available upon contact,,https://www.uom.edu.pk/
184,BS Environmental Sciences,Available upon contact,,https://www.uom.edu.pk/
185,BS Accounting and Finance,Available upon contact,50,https://admissions.umt.edu.pk/Admissions-Schedule.aspx
185,BS Artificial Intelligence,Available upon contact,50,https://www.ilmkidunya.com/colleges/university-of-management-and-technology-umt-lahore.aspx
185,BS Computer Science,Available upon contact,50,https://admissions.umt.edu.pk/Admissions-Schedule.aspx
185,Bachelor of Architecture (B.Arch),Available upon contact,50,https://www.ilmkidunya.com/colleges/university-of-management-and-technology-umt-lahore.aspx
185,LLB,Available upon contact,50,https://admissions.umt.edu.pk/Admissions-Schedule.aspx
186,BBA,Available upon contact,45,https://educator.ac.pk/university-of-narowal-admission/
186,BS Botany / Chemistry / Economics,Available upon contact,45,https://fpscresults.com.pk/university-of-narowal-merit-list/
186,BS Computer Science,Available upon contact,45,https://educator.ac.pk/university-of-narowal-admission/
186,BS Urdu,Available upon contact,45,https://fpscresults.com.pk/university-of-narowal-merit-list/
186,Pharm-D,Available upon contact,45,https://uon.edu.pk/University/merit_lists
187,BBA,Available upon contact,,https://wslconsultants.com/university-of-okara-admission-2025/
187,BS Commerce,Available upon contact,,https://www.ilmkidunya.com/colleges/university-of-okara-merit-lists.aspx
187,BS English Language Teaching / Sports Sciences / Special Education / Science Education,Available upon contact,,https://www.ilmkidunya.com/colleges/university-of-okara-admission.aspx
187,BS Zoology,Available upon contact,,https://www.ilmkidunya.com/colleges/university-of-okara-merit-lists.aspx
187,LLB (5 Years),Available upon contact,,https://wslconsultants.com/university-of-okara-admission-2025/
188,BS Artificial Intelligence,Available upon contact,,http://brains.edu.pk
188,BS Civil Engineering,Available upon contact,,http://brains.edu.pk
188,BS Cyber Security,Available upon contact,,http://brains.edu.pk
188,BS English,Available upon contact,,http://brains.edu.pk
188,BS Software Engineering,Available upon contact,,http://brains.edu.pk
188,BSc Civil Engineering Technology,Available upon contact,,http://brains.edu.pk
189,BBA (4 Years),Available upon contact,,http://www.uosahiwal.edu.pk/
189,BS Accounting & Finance (4 Years),Available upon contact,,http://www.uosahiwal.edu.pk/
189,BS Applied Chemistry (4 Years),Available upon contact,,http://www.uosahiwal.edu.pk/
189,BS Applied Psychology (4 Years),Available upon contact,,http://www.uosahiwal.edu.pk/
189,BS Banking & Finance (4 Years),Available upon contact,,http://www.uosahiwal.edu.pk/
189,BS Chemistry (4 Years),Available upon contact,,http://www.uosahiwal.edu.pk/
189,BS Commerce (4 Years),Available upon contact,,http://www.uosahiwal.edu.pk/
189,BS Computer Science,Available upon contact,,http://www.uosahiwal.edu.pk/
189,BS Economics (4 Years),Available upon contact,,http://www.uosahiwal.edu.pk/
189,BS Economics with Data Science (4 Years),Available upon contact,,http://www.uosahiwal.edu.pk/
189,BS Electronics (4 Years),Available upon contact,,http://www.uosahiwal.edu.pk/
189,BS English (4 Years),Available upon contact,,http://www.uosahiwal.edu.pk/
189,BS Information Technology,Available upon contact,,http://www.uosahiwal.edu.pk/
189,BS Mathematics (4 Years),Available upon contact,,http://www.uosahiwal.edu.pk/
189,BS Physics (4 Years),Available upon contact,,http://www.uosahiwal.edu.pk/
189,BS Software Engineering,Available upon contact,,http://www.uosahiwal.edu.pk/
189,LLB (5 Years),Available upon contact,,http://www.uosahiwal.edu.pk/
190,BS Computer Science,~85-95% combined SSC/HSSC (2023-25 selected candidates range),50,https://www.studocu.com/row/document/lahore-school-of-economics/monetary-economics/admission-notice-for-bs-in-computer-science-university-of-sargodha-2025/137387644
190,BS Education,Available upon contact,50,https://www.result.pk/merit-list/university-of-sargodha/bs-education/sargodha-latest/
190,BS Fine Arts,Available upon contact,50,https://www.result.pk/merit-list/university-of-sargodha/bs-information-technology/sargodha-latest/
190,BS Information Technology,Available upon contact,50,https://www.result.pk/merit-list/university-of-sargodha/bs-information-technology/sargodha-latest/
191,BS Biotechnology,Available upon contact,45,https://ustb.edu.pk/
191,BS Computer Science,Available upon contact,45,https://ustb.edu.pk/
191,BS Economics,Available upon contact,45,https://ustb.edu.pk/
191,BS Psychology,Available upon contact,45,https://ustb.edu.pk/
192,BS Accounting and Finance,Available upon contact,45,https://pmdc.org.pk/university-of-sialkot-uos-admission-guide/
192,BS Computer Science,Available upon contact,45,https://pmdc.org.pk/university-of-sialkot-uos-admission-guide/
192,BS Fashion Design / Media and Communication,Available upon contact,45,https://en.wikipedia.org/wiki/University_of_Sialkot
192,BS Software Engineering,Available upon contact,45,https://pmdc.org.pk/university-of-sialkot-uos-admission-guide/
192,BSc Civil/Electrical/Mechanical Engineering Technology,Available upon contact,45,https://en.wikipedia.org/wiki/University_of_Sialkot
192,LLB,Available upon contact,45,https://en.wikipedia.org/wiki/University_of_Sialkot
193,BBA,Available upon contact,,http://www.jsmu.edu.pk
193,BBA HCM,Available upon contact,,http://www.jsmu.edu.pk
194,BS Computer Science,~65% (typical reported closing merit for undergrad programs),,https://www.diltak.com/university-of-south-asia-admission-fee-structure-programs-merit-list/
194,BS Software Engineering,Available upon contact,,https://www.ilmkidunya.com/colleges/university-of-south-asia-lahore-admission.aspx
194,Bachelor of Architecture,Available upon contact,,https://web.usa.edu.pk/
194,LLB,Available upon contact,,https://web.usa.edu.pk/
194,Pharm-D,Available upon contact,,https://web.usa.edu.pk/
195,B.Ed (Elementary/Secondary),Available upon contact,50,https://admissionscorner.com/university-of-sufism-and-modern-sciences-admissions-fall/
195,BBA / Commerce,Available upon contact,50,https://en.wikipedia.org/wiki/University_of_Sufism_and_Modern_Sciences
195,BS Computing / Information Technology,Available upon contact,50,https://en.wikipedia.org/wiki/University_of_Sufism_and_Modern_Sciences
195,"BS English (Linguistics & Literature, 4 Years)",Available upon contact,50,https://www.usms.edu.pk/admission.html
196,BS Computer Engineering,Available upon contact,60,https://uotnowshera.edu.pk/wp-content/uploads/2025/08/2nd-Final-Admission-along-with-MS.pdf
196,BS Computer Science,Available upon contact,50,https://uotnowshera.edu.pk/wp-content/uploads/2025/08/2nd-Final-Admission-along-with-MS.pdf
196,BS Robotics and Intelligent Systems,Available upon contact,50,https://uotnowshera.edu.pk/wp-content/uploads/2025/08/2nd-Final-Admission-along-with-MS.pdf
196,BSc Engineering Technology (Civil/Electrical/Mechanical/Energy),Available upon contact,50,https://uotnowshera.edu.pk/admissions-eligibility-criteria/
197,"BS (general, most departments)",Available upon contact,45,https://uot.edu.pk/uot-admission-spring-2026-eligibility-criteria-instructions
197,BS Computer Science,Available upon contact,50,https://uot.edu.pk/uot-admission-spring-2026-eligibility-criteria-instructions
197,BS Education / B.Ed,Available upon contact,45,https://uot.edu.pk/uot-admission-spring-2025-eligibility-criteria-instructions
197,LLB (4 Years),Available upon contact,50,https://uot.edu.pk/uot-admission-spring-2026-eligibility-criteria-instructions
198,BS (Hons) Dairy Technology,Available upon contact,50,https://uvas.edu.pk/
198,BS (Hons) Poultry Science,Available upon contact,60,https://uvas.edu.pk/
198,BS Biotechnology,Available upon contact,50,https://uvas.edu.pk/
198,BS Fisheries and Aquaculture,Available upon contact,50,https://uvas.edu.pk/
198,Doctor of Veterinary Medicine (DVM),Available upon contact,60,https://uvas.edu.pk/
199,BBA,Available upon contact,50,https://admissions.uow.edu.pk/admissions/FinancialAidUnderGrad
199,BS (Hons) Computer Science,Available upon contact,50,https://www.admission.pk/universities/universities_display.aspx?university=uw
199,BS Sociology,Available upon contact,50,https://admissions.uow.edu.pk/admissions/FinancialAidUnderGrad
199,BS Statistics,Available upon contact,50,https://admissions.uow.edu.pk/admissions/FinancialAidUnderGrad
199,BSc Engineering (Wah Engineering College),Available upon contact,50,https://educated.pk/university-of-wah-admission-last-date/
199,LLB,Available upon contact,50,https://www.admission.pk/universities/universities_display.aspx?university=uw
200,"BS (4-Year, general - most departments)","~75-85% (CS/Economics/Media Studies); ~55-65% (Humanities/Islamic Studies), 2025-26",50,https://iubfun.com/punjab-university-admission/
200,BS Archaeology,Available upon contact,50,https://www.edumap.blog/2025/09/punjab-university-aggregate-merit-calculator-for-undergraduate-programs.html
200,BS Computer Science (PUCIT),~75-85% (2025-26 estimate),50,https://pucit.edu.pk/admission-criteria/
200,LLB,Available upon contact,50,https://meraadmission.net/university-of-the-punjab-up-admission-guide/
201,B.Ed,"Available upon contact (open merit, no test)",45,https://www.vstudents.org/education/virtual-university-admissions/
201,BA,"Available upon contact (open merit, no test)",45,https://www.vstudents.org/education/virtual-university-admissions/
201,BBA (Hons),"Available upon contact (open merit, no test)",45,https://pmdc.org.pk/virtual-university-of-pakistan-vu-admission-guide/
201,BS Computer Science,"Available upon contact (open merit, no test)",45,https://pmdc.org.pk/virtual-university-of-pakistan-vu-admission-guide/
201,BS Information Technology,"Available upon contact (open merit, no test)",45,https://pmdc.org.pk/virtual-university-of-pakistan-vu-admission-guide/
202,BS English,Available upon contact,45,https://wumardan.edu.pk/
202,BS Information Technology,Available upon contact,45,https://wumardan.edu.pk/
202,BS Microbiology,Available upon contact,45,https://wumardan.edu.pk/
202,BS Psychology,Available upon contact,45,https://wumardan.edu.pk/
155,BS Computer Science,Available upon contact,50,https://www.iba-suk.edu.pk/academic-programs/undergraduate/bscs
155,BS Software Engineering,Available upon contact,50,https://www.iba-suk.edu.pk/academic-programs/undergraduate/bsse
155,BS Artificial Intelligence,Available upon contact,50,https://www.iba-suk.edu.pk/academic-programs/undergraduate/bsai
155,BS Data Science,Available upon contact,50,https://www.iba-suk.edu.pk/academic-programs/undergraduate/bsds
155,BBA (Bachelor of Business Administration),Available upon contact,50,https://www.iba-suk.edu.pk/academic-programs/undergraduate/bba
155,BS Mathematics,Available upon contact,50,https://www.iba-suk.edu.pk/academic-programs/undergraduate/bsmath
